"../../../Engine/Plugins/Animation/ACLPlugin/Content/ACLAnimBoneCompressionSettings.uasset" 0
"../../../Engine/Plugins/Animation/ACLPlugin/Content/ACLAnimBoneCompressionSettings.uexp" 1
"../../../Engine/Plugins/2D/Paper2D/Content/PlaceholderTextures/DummySpriteTexture.ubulk" 2
"../../../Engine/Plugins/2D/Paper2D/Content/PlaceholderTextures/DummySpriteTexture.uasset" 3
"../../../Engine/Plugins/2D/Paper2D/Content/PlaceholderTextures/DummySpriteTexture.uexp" 4
"../../../Engine/Plugins/2D/Paper2D/Content/DummySprite.uasset" 5
"../../../Engine/Plugins/2D/Paper2D/Content/DummySprite.uexp" 6
"../../../Engine/Plugins/2D/Paper2D/Content/DefaultPaperTerrainMaterial.uasset" 7
"../../../Engine/Plugins/2D/Paper2D/Content/DefaultPaperTerrainMaterial.uexp" 8
"../../../Engine/Plugins/Interchange/Runtime/Content/Pipelines/DefaultTexturePipeline.uasset" 9
"../../../Engine/Plugins/Interchange/Runtime/Content/Pipelines/DefaultTexturePipeline.uexp" 10
"../../../Engine/Plugins/Interchange/Runtime/Content/Pipelines/DefaultSceneLevelPipeline.uasset" 11
"../../../Engine/Plugins/Interchange/Runtime/Content/Pipelines/DefaultSceneLevelPipeline.uexp" 12
"../../../Engine/Plugins/Interchange/Runtime/Content/Pipelines/DefaultSceneAssetsPipeline.uasset" 13
"../../../Engine/Plugins/Interchange/Runtime/Content/Pipelines/DefaultSceneAssetsPipeline.uexp" 14
"../../../Engine/Plugins/Interchange/Runtime/Content/Pipelines/DefaultMaterialXPipeline.uasset" 15
"../../../Engine/Plugins/Interchange/Runtime/Content/Pipelines/DefaultMaterialXPipeline.uexp" 16
"../../../Engine/Plugins/Interchange/Runtime/Content/Pipelines/DefaultMaterialPipeline.uasset" 17
"../../../Engine/Plugins/Interchange/Runtime/Content/Pipelines/DefaultMaterialPipeline.uexp" 18
"../../../Engine/Plugins/Interchange/Runtime/Content/Pipelines/DefaultGLTFSceneAssetsPipeline.uasset" 19
"../../../Engine/Plugins/Interchange/Runtime/Content/Pipelines/DefaultGLTFSceneAssetsPipeline.uexp" 20
"../../../Engine/Plugins/Interchange/Runtime/Content/Pipelines/DefaultGLTFPipeline.uasset" 21
"../../../Engine/Plugins/Interchange/Runtime/Content/Pipelines/DefaultGLTFPipeline.uexp" 22
"../../../Engine/Plugins/Interchange/Runtime/Content/Pipelines/DefaultGLTFAssetsPipeline.uasset" 23
"../../../Engine/Plugins/Interchange/Runtime/Content/Pipelines/DefaultGLTFAssetsPipeline.uexp" 24
"../../../Engine/Plugins/Interchange/Runtime/Content/Pipelines/DefaultAssetsPipeline.uasset" 25
"../../../Engine/Plugins/Interchange/Runtime/Content/Pipelines/DefaultAssetsPipeline.uexp" 26
"../../../Engine/Content/EngineSounds/Master.uasset" 27
"../../../Engine/Content/EngineSounds/Master.uexp" 28
"../../../Engine/Content/EngineMaterials/DefaultPhysicalMaterial.uasset" 29
"../../../Engine/Content/EngineMaterials/DefaultPhysicalMaterial.uexp" 30
"../../../Engine/Content/EngineMaterials/DefaultDestructiblePhysicalMaterial.uasset" 31
"../../../Engine/Content/EngineMaterials/DefaultDestructiblePhysicalMaterial.uexp" 32
"../../../Engine/Content/EngineFonts/Faces/DroidSansFallback.uexp" 33
"../../../Engine/Content/EngineFonts/Faces/DroidSansFallback.uasset" 34
"../../../Engine/Content/EngineFonts/Faces/DroidSansFallback.ufont" 35
"../../../Engine/Content/EngineFonts/Faces/RobotoRegular.uexp" 36
"../../../Engine/Content/EngineFonts/Faces/RobotoRegular.uasset" 37
"../../../Engine/Content/EngineFonts/Faces/RobotoRegular.ufont" 38
"../../../Engine/Content/EngineFonts/Faces/RobotoLight.uexp" 39
"../../../Engine/Content/EngineFonts/Faces/RobotoLight.uasset" 40
"../../../Engine/Content/EngineFonts/Faces/RobotoLight.ufont" 41
"../../../Engine/Content/EngineFonts/Faces/RobotoItalic.uexp" 42
"../../../Engine/Content/EngineFonts/Faces/RobotoItalic.uasset" 43
"../../../Engine/Content/EngineFonts/Faces/RobotoItalic.ufont" 44
"../../../Engine/Content/EngineFonts/Faces/RobotoBoldItalic.uexp" 45
"../../../Engine/Content/EngineFonts/Faces/RobotoBoldItalic.uasset" 46
"../../../Engine/Content/EngineFonts/Faces/RobotoBoldItalic.ufont" 47
"../../../Engine/Content/EngineFonts/Faces/RobotoBold.uexp" 48
"../../../Engine/Content/EngineFonts/Faces/RobotoBold.uasset" 49
"../../../Engine/Content/EngineFonts/Faces/RobotoBold.ufont" 50
"../../../Engine/Content/EngineFonts/Roboto.uasset" 51
"../../../Engine/Content/EngineFonts/Roboto.uexp" 52
"../../../Engine/Content/EngineFonts/Faces/DroidSansMono.uexp" 53
"../../../Engine/Content/EngineFonts/Faces/DroidSansMono.uasset" 54
"../../../Engine/Content/EngineFonts/Faces/DroidSansMono.ufont" 55
"../../../Engine/Content/EngineFonts/DroidSansMono.uasset" 56
"../../../Engine/Content/EngineFonts/DroidSansMono.uexp" 57
"../../../Engine/Content/EngineResources/GradientTexture0.uasset" 58
"../../../Engine/Content/EngineResources/GradientTexture0.uexp" 59
"../../../Engine/Content/EngineResources/Black.uasset" 60
"../../../Engine/Content/EngineResources/Black.uexp" 61
"../../../Engine/Content/EditorResources/S_Actor.ubulk" 62
"../../../Engine/Content/EditorResources/S_Actor.uasset" 63
"../../../Engine/Content/EditorResources/S_Actor.uexp" 64
"../../../Engine/Content/EditorResources/S_Trigger.ubulk" 65
"../../../Engine/Content/EditorResources/S_Trigger.uasset" 66
"../../../Engine/Content/EditorResources/S_Trigger.uexp" 67
"../../../Engine/Plugins/NNE/NNEDenoiser/Content/NNEDTOM_Output_Default.uasset" 68
"../../../Engine/Plugins/NNE/NNEDenoiser/Content/NNEDTOM_Output_Default.uexp" 69
"../../../Engine/Plugins/NNE/NNEDenoiser/Content/NNEDTOM_Output_Alpha.uasset" 70
"../../../Engine/Plugins/NNE/NNEDenoiser/Content/NNEDTOM_Output_Alpha.uexp" 71
"../../../Engine/Plugins/NNE/NNEDenoiser/Content/NNEDTIM_ColorAlbedoNormal_Default.uasset" 72
"../../../Engine/Plugins/NNE/NNEDenoiser/Content/NNEDTIM_ColorAlbedoNormal_Default.uexp" 73
"../../../Engine/Plugins/NNE/NNEDenoiser/Content/NNEDTIM_ColorAlbedoNormal_Alpha.uasset" 74
"../../../Engine/Plugins/NNE/NNEDenoiser/Content/NNEDTIM_ColorAlbedoNormal_Alpha.uexp" 75
"../../../Engine/Plugins/NNE/NNEDenoiser/Content/NNEDOM_Output_Default.uasset" 76
"../../../Engine/Plugins/NNE/NNEDenoiser/Content/NNEDOM_Output_Default.uexp" 77
"../../../Engine/Plugins/NNE/NNEDenoiser/Content/NNEDOM_Output_Alpha.uasset" 78
"../../../Engine/Plugins/NNE/NNEDenoiser/Content/NNEDOM_Output_Alpha.uexp" 79
"../../../Engine/Plugins/NNE/NNEDenoiser/Content/NNEDIM_HighQuality_Default.uasset" 80
"../../../Engine/Plugins/NNE/NNEDenoiser/Content/NNEDIM_HighQuality_Default.uexp" 81
"../../../Engine/Plugins/NNE/NNEDenoiser/Content/NNEDIM_HighQuality_Alpha.uasset" 82
"../../../Engine/Plugins/NNE/NNEDenoiser/Content/NNEDIM_HighQuality_Alpha.uexp" 83
"../../../Engine/Plugins/NNE/NNEDenoiser/Content/NNEDIM_ColorAlbedoNormal_Default.uasset" 84
"../../../Engine/Plugins/NNE/NNEDenoiser/Content/NNEDIM_ColorAlbedoNormal_Default.uexp" 85
"../../../Engine/Plugins/NNE/NNEDenoiser/Content/NNEDIM_ColorAlbedoNormal_Alpha.uasset" 86
"../../../Engine/Plugins/NNE/NNEDenoiser/Content/NNEDIM_ColorAlbedoNormal_Alpha.uexp" 87
"../../../Engine/Content/EngineMaterials/T_Default_Material_Grid_M.ubulk" 88
"../../../Engine/Content/EngineMaterials/T_Default_Material_Grid_M.uasset" 89
"../../../Engine/Content/EngineMaterials/T_Default_Material_Grid_M.uexp" 90
"../../../Engine/Content/Functions/Engine_MaterialFunctions01/Opacity/CameraDepthFade.uasset" 91
"../../../Engine/Content/Functions/Engine_MaterialFunctions01/Opacity/CameraDepthFade.uexp" 92
"../../../Engine/Content/EngineMaterials/T_Default_Material_Grid_N.ubulk" 93
"../../../Engine/Content/EngineMaterials/T_Default_Material_Grid_N.uasset" 94
"../../../Engine/Content/EngineMaterials/T_Default_Material_Grid_N.uexp" 95
"../../../Engine/Content/EngineMaterials/WorldGridMaterial.uasset" 96
"../../../Engine/Content/EngineMaterials/WorldGridMaterial.uexp" 97
"../../../Engine/Plugins/Media/MediaPlate/Content/SM_MediaPlateScreen.ubulk" 98
"../../../Engine/Plugins/Media/MediaPlate/Content/SM_MediaPlateScreen.uasset" 99
"../../../Engine/Plugins/Media/MediaPlate/Content/SM_MediaPlateScreen.uexp" 100
"../../../Engine/Content/Functions/Engine_MaterialFunctions02/WorldPositionOffset/CameraOffset.uasset" 101
"../../../Engine/Content/Functions/Engine_MaterialFunctions02/WorldPositionOffset/CameraOffset.uexp" 102
"../../../Engine/Plugins/Animation/ControlRig/Content/M_Manip.uasset" 103
"../../../Engine/Plugins/Animation/ControlRig/Content/M_Manip.uexp" 104
"../../../Engine/Plugins/VirtualProduction/CameraCalibrationCore/Content/Materials/M_DefaultOddSquare.uasset" 105
"../../../Engine/Plugins/VirtualProduction/CameraCalibrationCore/Content/Materials/M_DefaultOddSquare.uexp" 106
"../../../Engine/Plugins/VirtualProduction/CameraCalibrationCore/Content/Materials/M_DefaultEvenSquare.uasset" 107
"../../../Engine/Plugins/VirtualProduction/CameraCalibrationCore/Content/Materials/M_DefaultEvenSquare.uexp" 108
"../../../Engine/Plugins/Runtime/HairStrands/Content/Materials/HairMeshesDefaultMaterial.uasset" 109
"../../../Engine/Plugins/Runtime/HairStrands/Content/Materials/HairMeshesDefaultMaterial.uexp" 110
"../../../Engine/Plugins/Runtime/HairStrands/Content/Materials/HairDefaultMaterial.uasset" 111
"../../../Engine/Plugins/Runtime/HairStrands/Content/Materials/HairDefaultMaterial.uexp" 112
"../../../Engine/Content/Functions/Engine_MaterialFunctions02/Utility/MakeFloat2.uasset" 113
"../../../Engine/Content/Functions/Engine_MaterialFunctions02/Utility/MakeFloat2.uexp" 114
"../../../Engine/Content/Functions/Engine_MaterialFunctions02/Utility/MakeFloat3.uasset" 115
"../../../Engine/Content/Functions/Engine_MaterialFunctions02/Utility/MakeFloat3.uexp" 116
"../../../Engine/Plugins/Runtime/HairStrands/Content/Materials/HairGroupColors.uasset" 117
"../../../Engine/Plugins/Runtime/HairStrands/Content/Materials/HairGroupColors.uexp" 118
"../../../Engine/Content/EngineMaterials/HairDebugColor.uasset" 119
"../../../Engine/Content/EngineMaterials/HairDebugColor.uexp" 120
"../../../Engine/Content/EngineMaterials/HairColorMap.uasset" 121
"../../../Engine/Content/EngineMaterials/HairColorMap.uexp" 122
"../../../Engine/Plugins/Runtime/HairStrands/Content/Materials/HairDebugMaterial.uasset" 123
"../../../Engine/Plugins/Runtime/HairStrands/Content/Materials/HairDebugMaterial.uexp" 124
"../../../Engine/Plugins/Runtime/HairStrands/Content/Materials/HairCardsDefaultMaterial.uasset" 125
"../../../Engine/Plugins/Runtime/HairStrands/Content/Materials/HairCardsDefaultMaterial.uexp" 126
"../../../Engine/Plugins/Runtime/AudioWidgets/Content/Resources/ScrubHandleDown_Clamped.uasset" 127
"../../../Engine/Plugins/Runtime/AudioWidgets/Content/Resources/ScrubHandleDown_Clamped.uexp" 128
"../../../Engine/Plugins/Interchange/Assets/Content/Functions/MX_UsdPreviewSurface.uasset" 129
"../../../Engine/Plugins/Interchange/Assets/Content/Functions/MX_UsdPreviewSurface.uexp" 130
"../../../Engine/Plugins/Interchange/Assets/Content/Functions/MX_UniformEDF.uasset" 131
"../../../Engine/Plugins/Interchange/Assets/Content/Functions/MX_UniformEDF.uexp" 132
"../../../Engine/Plugins/Interchange/Assets/Content/Functions/MX_TranslucentBSDF.uasset" 133
"../../../Engine/Plugins/Interchange/Assets/Content/Functions/MX_TranslucentBSDF.uexp" 134
"../../../Engine/Plugins/Interchange/Assets/Content/Functions/MX_ThinFilmBSDF.uasset" 135
"../../../Engine/Plugins/Interchange/Assets/Content/Functions/MX_ThinFilmBSDF.uexp" 136
"../../../Engine/Plugins/Interchange/Assets/Content/Functions/MX_SurfaceUnlit.uasset" 137
"../../../Engine/Plugins/Interchange/Assets/Content/Functions/MX_SurfaceUnlit.uexp" 138
"../../../Engine/Plugins/Interchange/Assets/Content/Functions/MX_Surface.uasset" 139
"../../../Engine/Plugins/Interchange/Assets/Content/Functions/MX_Surface.uexp" 140
"../../../Engine/Plugins/Interchange/Assets/Content/Functions/MX_SubsurfaceBSDF.uasset" 141
"../../../Engine/Plugins/Interchange/Assets/Content/Functions/MX_SubsurfaceBSDF.uexp" 142
"../../../Engine/Plugins/Interchange/Assets/Content/Functions/MX_SheenBSDF.uasset" 143
"../../../Engine/Plugins/Interchange/Assets/Content/Functions/MX_SheenBSDF.uexp" 144
"../../../Engine/Plugins/Interchange/Assets/Content/Functions/MX_OrenNayarBSDF.uasset" 145
"../../../Engine/Plugins/Interchange/Assets/Content/Functions/MX_OrenNayarBSDF.uexp" 146
"../../../Engine/Plugins/Interchange/Assets/Content/Functions/MF_IridescenceNoLUT.uasset" 147
"../../../Engine/Plugins/Interchange/Assets/Content/Functions/MF_IridescenceNoLUT.uexp" 148
"../../../Engine/Plugins/Interchange/Assets/Content/Functions/MX_StandardSurface.uasset" 149
"../../../Engine/Plugins/Interchange/Assets/Content/Functions/MX_StandardSurface.uexp" 150
"../../../Engine/Plugins/Interchange/Assets/Content/Functions/MX_TransmissionSurface.uasset" 151
"../../../Engine/Plugins/Interchange/Assets/Content/Functions/MX_TransmissionSurface.uexp" 152
"../../../Engine/Plugins/Interchange/Assets/Content/Functions/MX_OpenPBR_Translucent.uasset" 153
"../../../Engine/Plugins/Interchange/Assets/Content/Functions/MX_OpenPBR_Translucent.uexp" 154
"../../../Engine/Plugins/Interchange/Assets/Content/Functions/MX_OpenPBR_Opaque.uasset" 155
"../../../Engine/Plugins/Interchange/Assets/Content/Functions/MX_OpenPBR_Opaque.uexp" 156
"../../../Engine/Plugins/Interchange/Assets/Content/Functions/MX_MeasuredEDF.uasset" 157
"../../../Engine/Plugins/Interchange/Assets/Content/Functions/MX_MeasuredEDF.uexp" 158
"../../../Engine/Plugins/Interchange/Assets/Content/Functions/MX_GeneralizedSchlickBSDF.uasset" 159
"../../../Engine/Plugins/Interchange/Assets/Content/Functions/MX_GeneralizedSchlickBSDF.uexp" 160
"../../../Engine/Plugins/Interchange/Assets/Content/Functions/MX_Displacement.uasset" 161
"../../../Engine/Plugins/Interchange/Assets/Content/Functions/MX_Displacement.uexp" 162
"../../../Engine/Plugins/Interchange/Assets/Content/Functions/MX_DielectricBSDF.uasset" 163
"../../../Engine/Plugins/Interchange/Assets/Content/Functions/MX_DielectricBSDF.uexp" 164
"../../../Engine/Plugins/Interchange/Assets/Content/Functions/MX_ConicalEDF.uasset" 165
"../../../Engine/Plugins/Interchange/Assets/Content/Functions/MX_ConicalEDF.uexp" 166
"../../../Engine/Plugins/Interchange/Assets/Content/Functions/MX_ConductorBSDF.uasset" 167
"../../../Engine/Plugins/Interchange/Assets/Content/Functions/MX_ConductorBSDF.uexp" 168
"../../../Engine/Plugins/Interchange/Assets/Content/Functions/MX_BurleyDiffuseBSDF.uasset" 169
"../../../Engine/Plugins/Interchange/Assets/Content/Functions/MX_BurleyDiffuseBSDF.uexp" 170
"../../../Engine/Plugins/Interchange/Assets/Content/Functions/MX_AnisotropicVDF.uasset" 171
"../../../Engine/Plugins/Interchange/Assets/Content/Functions/MX_AnisotropicVDF.uexp" 172
"../../../Engine/Plugins/Interchange/Assets/Content/Functions/MX_AbsorptionVDF.uasset" 173
"../../../Engine/Plugins/Interchange/Assets/Content/Functions/MX_AbsorptionVDF.uexp" 174
"../../../Engine/Content/EditorResources/S_BoxReflectionCapture.uasset" 175
"../../../Engine/Content/EditorResources/S_BoxReflectionCapture.uexp" 176
"../../../Engine/Content/Functions/Engine_MaterialFunctions02/Utility/VectorLength.uasset" 177
"../../../Engine/Content/Functions/Engine_MaterialFunctions02/Utility/VectorLength.uexp" 178
"../../../Engine/Content/Functions/Engine_MaterialFunctions02/Utility/BreakOutFloat3Components.uasset" 179
"../../../Engine/Content/Functions/Engine_MaterialFunctions02/Utility/BreakOutFloat3Components.uexp" 180
"../../../Engine/Content/Functions/Engine_MaterialFunctions02/WorldPositionOffset/ObjectScale.uasset" 181
"../../../Engine/Content/Functions/Engine_MaterialFunctions02/WorldPositionOffset/ObjectScale.uexp" 182
"../../../Engine/Content/Functions/Engine_MaterialFunctions02/SafeNormalize.uasset" 183
"../../../Engine/Content/Functions/Engine_MaterialFunctions02/SafeNormalize.uexp" 184
"../../../Engine/Plugins/Editor/SpeedTreeImporter/Content/SpeedTree9/UnpackInteger3.uasset" 185
"../../../Engine/Plugins/Editor/SpeedTreeImporter/Content/SpeedTree9/UnpackInteger3.uexp" 186
"../../../Engine/Plugins/Editor/SpeedTreeImporter/Content/SpeedTree9/UnpackDirection.uasset" 187
"../../../Engine/Plugins/Editor/SpeedTreeImporter/Content/SpeedTree9/UnpackDirection.uexp" 188
"../../../Engine/Plugins/Editor/SpeedTreeImporter/Content/SpeedTree9/game_wind_noise.ubulk" 189
"../../../Engine/Plugins/Editor/SpeedTreeImporter/Content/SpeedTree9/game_wind_noise.uasset" 190
"../../../Engine/Plugins/Editor/SpeedTreeImporter/Content/SpeedTree9/game_wind_noise.uexp" 191
"../../../Engine/Plugins/Editor/SpeedTreeImporter/Content/SpeedTree9/SpeedTreeWindMotion.uasset" 192
"../../../Engine/Plugins/Editor/SpeedTreeImporter/Content/SpeedTree9/SpeedTreeWindMotion.uexp" 193
"../../../Engine/Plugins/Editor/SpeedTreeImporter/Content/SpeedTree9/SpeedTreeBranchMotion.uasset" 194
"../../../Engine/Plugins/Editor/SpeedTreeImporter/Content/SpeedTree9/SpeedTreeBranchMotion.uexp" 195
"../../../Engine/Content/Functions/Engine_MaterialFunctions02/ObjectLocalBounds.uasset" 196
"../../../Engine/Content/Functions/Engine_MaterialFunctions02/ObjectLocalBounds.uexp" 197
"../../../Engine/Content/Functions/Engine_MaterialFunctions02/UVs/BoundingBoxBased_0-1_UVW.uasset" 198
"../../../Engine/Content/Functions/Engine_MaterialFunctions02/UVs/BoundingBoxBased_0-1_UVW.uexp" 199
"../../../Engine/Plugins/Editor/SpeedTreeImporter/Content/SpeedTree9/SpeedTreeWind.uasset" 200
"../../../Engine/Plugins/Editor/SpeedTreeImporter/Content/SpeedTree9/SpeedTreeWind.uexp" 201
"../../../Engine/Plugins/Editor/SpeedTreeImporter/Content/SpeedTree9/SpeedTreeCameraFacing.uasset" 202
"../../../Engine/Plugins/Editor/SpeedTreeImporter/Content/SpeedTree9/SpeedTreeCameraFacing.uexp" 203
"../../../Engine/Plugins/Editor/SpeedTreeImporter/Content/SpeedTree9/EmptyNormal.uasset" 204
"../../../Engine/Plugins/Editor/SpeedTreeImporter/Content/SpeedTree9/EmptyNormal.uexp" 205
"../../../Engine/Plugins/Editor/SpeedTreeImporter/Content/SpeedTree9/Empty.uasset" 206
"../../../Engine/Plugins/Editor/SpeedTreeImporter/Content/SpeedTree9/Empty.uexp" 207
"../../../Engine/Plugins/Editor/SpeedTreeImporter/Content/SpeedTree9/SpeedTreeMaster.uasset" 208
"../../../Engine/Plugins/Editor/SpeedTreeImporter/Content/SpeedTree9/SpeedTreeMaster.uexp" 209
"../../../Engine/Plugins/Editor/SpeedTreeImporter/Content/SpeedTree9/SpeedTreeBillboard.uasset" 210
"../../../Engine/Plugins/Editor/SpeedTreeImporter/Content/SpeedTree9/SpeedTreeBillboard.uexp" 211
"../../../Engine/Plugins/Editor/SpeedTreeImporter/Content/SpeedTree9/SpeedTreeBillboardMaster.uasset" 212
"../../../Engine/Plugins/Editor/SpeedTreeImporter/Content/SpeedTree9/SpeedTreeBillboardMaster.uexp" 213
"../../../Engine/Plugins/Animation/ControlRig/Content/Controls/ControlRig_Wedge_solid.ubulk" 214
"../../../Engine/Plugins/Animation/ControlRig/Content/Controls/ControlRig_Wedge_solid.uasset" 215
"../../../Engine/Plugins/Animation/ControlRig/Content/Controls/ControlRig_Wedge_solid.uexp" 216
"../../../Engine/Plugins/Animation/ControlRig/Content/Controls/ControlRig_Wedge_3mm.ubulk" 217
"../../../Engine/Plugins/Animation/ControlRig/Content/Controls/ControlRig_Wedge_3mm.uasset" 218
"../../../Engine/Plugins/Animation/ControlRig/Content/Controls/ControlRig_Wedge_3mm.uexp" 219
"../../../Engine/Plugins/Animation/ControlRig/Content/Controls/ControlRig_Wedge_1mm.ubulk" 220
"../../../Engine/Plugins/Animation/ControlRig/Content/Controls/ControlRig_Wedge_1mm.uasset" 221
"../../../Engine/Plugins/Animation/ControlRig/Content/Controls/ControlRig_Wedge_1mm.uexp" 222
"../../../Engine/Plugins/Animation/ControlRig/Content/Controls/ControlRig_Triangle_solid.ubulk" 223
"../../../Engine/Plugins/Animation/ControlRig/Content/Controls/ControlRig_Triangle_solid.uasset" 224
"../../../Engine/Plugins/Animation/ControlRig/Content/Controls/ControlRig_Triangle_solid.uexp" 225
"../../../Engine/Plugins/Animation/ControlRig/Content/Controls/ControlRig_Triangle_3mm.ubulk" 226
"../../../Engine/Plugins/Animation/ControlRig/Content/Controls/ControlRig_Triangle_3mm.uasset" 227
"../../../Engine/Plugins/Animation/ControlRig/Content/Controls/ControlRig_Triangle_3mm.uexp" 228
"../../../Engine/Plugins/Animation/ControlRig/Content/Controls/ControlRig_Triangle_1mm.ubulk" 229
"../../../Engine/Plugins/Animation/ControlRig/Content/Controls/ControlRig_Triangle_1mm.uasset" 230
"../../../Engine/Plugins/Animation/ControlRig/Content/Controls/ControlRig_Triangle_1mm.uexp" 231
"../../../Engine/Plugins/Animation/ControlRig/Content/Controls/ControlRig_Star4_solid.ubulk" 232
"../../../Engine/Plugins/Animation/ControlRig/Content/Controls/ControlRig_Star4_solid.uasset" 233
"../../../Engine/Plugins/Animation/ControlRig/Content/Controls/ControlRig_Star4_solid.uexp" 234
"../../../Engine/Plugins/Animation/ControlRig/Content/Controls/ControlRig_Star4_3mm.ubulk" 235
"../../../Engine/Plugins/Animation/ControlRig/Content/Controls/ControlRig_Star4_3mm.uasset" 236
"../../../Engine/Plugins/Animation/ControlRig/Content/Controls/ControlRig_Star4_3mm.uexp" 237
"../../../Engine/Plugins/Animation/ControlRig/Content/Controls/ControlRig_Star4_1mm.ubulk" 238
"../../../Engine/Plugins/Animation/ControlRig/Content/Controls/ControlRig_Star4_1mm.uasset" 239
"../../../Engine/Plugins/Animation/ControlRig/Content/Controls/ControlRig_Star4_1mm.uexp" 240
"../../../Engine/Plugins/Animation/ControlRig/Content/Controls/ControlRig_Square_solid.ubulk" 241
"../../../Engine/Plugins/Animation/ControlRig/Content/Controls/ControlRig_Square_solid.uasset" 242
"../../../Engine/Plugins/Animation/ControlRig/Content/Controls/ControlRig_Square_solid.uexp" 243
"../../../Engine/Plugins/Animation/ControlRig/Content/Controls/ControlRig_Square_3mm.ubulk" 244
"../../../Engine/Plugins/Animation/ControlRig/Content/Controls/ControlRig_Square_3mm.uasset" 245
"../../../Engine/Plugins/Animation/ControlRig/Content/Controls/ControlRig_Square_3mm.uexp" 246
"../../../Engine/Plugins/Animation/ControlRig/Content/Controls/ControlRig_Square_1mm.ubulk" 247
"../../../Engine/Plugins/Animation/ControlRig/Content/Controls/ControlRig_Square_1mm.uasset" 248
"../../../Engine/Plugins/Animation/ControlRig/Content/Controls/ControlRig_Square_1mm.uexp" 249
"../../../Engine/Plugins/Animation/ControlRig/Content/Controls/ControlRig_Sphere_solid.ubulk" 250
"../../../Engine/Plugins/Animation/ControlRig/Content/Controls/ControlRig_Sphere_solid.uasset" 251
"../../../Engine/Plugins/Animation/ControlRig/Content/Controls/ControlRig_Sphere_solid.uexp" 252
"../../../Engine/Plugins/Animation/ControlRig/Content/Controls/ControlRig_Sphere_3mm.ubulk" 253
"../../../Engine/Plugins/Animation/ControlRig/Content/Controls/ControlRig_Sphere_3mm.uasset" 254
"../../../Engine/Plugins/Animation/ControlRig/Content/Controls/ControlRig_Sphere_3mm.uexp" 255
"../../../Engine/Plugins/Animation/ControlRig/Content/Controls/ControlRig_Sphere_1mm.ubulk" 256
"../../../Engine/Plugins/Animation/ControlRig/Content/Controls/ControlRig_Sphere_1mm.uasset" 257
"../../../Engine/Plugins/Animation/ControlRig/Content/Controls/ControlRig_Sphere_1mm.uexp" 258
"../../../Engine/Plugins/Animation/ControlRig/Content/Controls/ControlRig_RoundedTriangle_solid.ubulk" 259
"../../../Engine/Plugins/Animation/ControlRig/Content/Controls/ControlRig_RoundedTriangle_solid.uasset" 260
"../../../Engine/Plugins/Animation/ControlRig/Content/Controls/ControlRig_RoundedTriangle_solid.uexp" 261
"../../../Engine/Plugins/Animation/ControlRig/Content/Controls/ControlRig_RoundedTriangle_3mm.ubulk" 262
"../../../Engine/Plugins/Animation/ControlRig/Content/Controls/ControlRig_RoundedTriangle_3mm.uasset" 263
"../../../Engine/Plugins/Animation/ControlRig/Content/Controls/ControlRig_RoundedTriangle_3mm.uexp" 264
"../../../Engine/Plugins/Animation/ControlRig/Content/Controls/ControlRig_RoundedTriangle_1mm.ubulk" 265
"../../../Engine/Plugins/Animation/ControlRig/Content/Controls/ControlRig_RoundedTriangle_1mm.uasset" 266
"../../../Engine/Plugins/Animation/ControlRig/Content/Controls/ControlRig_RoundedTriangle_1mm.uexp" 267
"../../../Engine/Plugins/Animation/ControlRig/Content/Controls/ControlRig_RoundedSquare_solid.ubulk" 268
"../../../Engine/Plugins/Animation/ControlRig/Content/Controls/ControlRig_RoundedSquare_solid.uasset" 269
"../../../Engine/Plugins/Animation/ControlRig/Content/Controls/ControlRig_RoundedSquare_solid.uexp" 270
"../../../Engine/Plugins/Animation/ControlRig/Content/Controls/ControlRig_RoundedSquare_3mm.ubulk" 271
"../../../Engine/Plugins/Animation/ControlRig/Content/Controls/ControlRig_RoundedSquare_3mm.uasset" 272
"../../../Engine/Plugins/Animation/ControlRig/Content/Controls/ControlRig_RoundedSquare_3mm.uexp" 273
"../../../Engine/Plugins/Animation/ControlRig/Content/Controls/ControlRig_RoundedSquare_1mm.ubulk" 274
"../../../Engine/Plugins/Animation/ControlRig/Content/Controls/ControlRig_RoundedSquare_1mm.uasset" 275
"../../../Engine/Plugins/Animation/ControlRig/Content/Controls/ControlRig_RoundedSquare_1mm.uexp" 276
"../../../Engine/Plugins/Animation/ControlRig/Content/Controls/ControlRig_QuarterCircle_solid.ubulk" 277
"../../../Engine/Plugins/Animation/ControlRig/Content/Controls/ControlRig_QuarterCircle_solid.uasset" 278
"../../../Engine/Plugins/Animation/ControlRig/Content/Controls/ControlRig_QuarterCircle_solid.uexp" 279
"../../../Engine/Plugins/Animation/ControlRig/Content/Controls/ControlRig_QuarterCircle_3mm.ubulk" 280
"../../../Engine/Plugins/Animation/ControlRig/Content/Controls/ControlRig_QuarterCircle_3mm.uasset" 281
"../../../Engine/Plugins/Animation/ControlRig/Content/Controls/ControlRig_QuarterCircle_3mm.uexp" 282
"../../../Engine/Plugins/Animation/ControlRig/Content/Controls/ControlRig_QuarterCircle_1mm.ubulk" 283
"../../../Engine/Plugins/Animation/ControlRig/Content/Controls/ControlRig_QuarterCircle_1mm.uasset" 284
"../../../Engine/Plugins/Animation/ControlRig/Content/Controls/ControlRig_QuarterCircle_1mm.uexp" 285
"../../../Engine/Plugins/Animation/ControlRig/Content/Controls/ControlRig_Pyramid_solid.ubulk" 286
"../../../Engine/Plugins/Animation/ControlRig/Content/Controls/ControlRig_Pyramid_solid.uasset" 287
"../../../Engine/Plugins/Animation/ControlRig/Content/Controls/ControlRig_Pyramid_solid.uexp" 288
"../../../Engine/Plugins/Animation/ControlRig/Content/Controls/ControlRig_Pyramid_3mm.ubulk" 289
"../../../Engine/Plugins/Animation/ControlRig/Content/Controls/ControlRig_Pyramid_3mm.uasset" 290
"../../../Engine/Plugins/Animation/ControlRig/Content/Controls/ControlRig_Pyramid_3mm.uexp" 291
"../../../Engine/Plugins/Animation/ControlRig/Content/Controls/ControlRig_Pyramid_1mm.ubulk" 292
"../../../Engine/Plugins/Animation/ControlRig/Content/Controls/ControlRig_Pyramid_1mm.uasset" 293
"../../../Engine/Plugins/Animation/ControlRig/Content/Controls/ControlRig_Pyramid_1mm.uexp" 294
"../../../Engine/Plugins/Animation/ControlRig/Content/Controls/ControlRig_Octagon_solid.ubulk" 295
"../../../Engine/Plugins/Animation/ControlRig/Content/Controls/ControlRig_Octagon_solid.uasset" 296
"../../../Engine/Plugins/Animation/ControlRig/Content/Controls/ControlRig_Octagon_solid.uexp" 297
"../../../Engine/Plugins/Animation/ControlRig/Content/Controls/ControlRig_Octagon_3mm.ubulk" 298
"../../../Engine/Plugins/Animation/ControlRig/Content/Controls/ControlRig_Octagon_3mm.uasset" 299
"../../../Engine/Plugins/Animation/ControlRig/Content/Controls/ControlRig_Octagon_3mm.uexp" 300
"../../../Engine/Plugins/Animation/ControlRig/Content/Controls/ControlRig_Octagon_1mm.ubulk" 301
"../../../Engine/Plugins/Animation/ControlRig/Content/Controls/ControlRig_Octagon_1mm.uasset" 302
"../../../Engine/Plugins/Animation/ControlRig/Content/Controls/ControlRig_Octagon_1mm.uexp" 303
"../../../Engine/Plugins/Animation/ControlRig/Content/Controls/ControlRig_Hexagon_solid.ubulk" 304
"../../../Engine/Plugins/Animation/ControlRig/Content/Controls/ControlRig_Hexagon_solid.uasset" 305
"../../../Engine/Plugins/Animation/ControlRig/Content/Controls/ControlRig_Hexagon_solid.uexp" 306
"../../../Engine/Plugins/Animation/ControlRig/Content/Controls/ControlRig_Hexagon_3mm.ubulk" 307
"../../../Engine/Plugins/Animation/ControlRig/Content/Controls/ControlRig_Hexagon_3mm.uasset" 308
"../../../Engine/Plugins/Animation/ControlRig/Content/Controls/ControlRig_Hexagon_3mm.uexp" 309
"../../../Engine/Plugins/Animation/ControlRig/Content/Controls/ControlRig_Hexagon_1mm.ubulk" 310
"../../../Engine/Plugins/Animation/ControlRig/Content/Controls/ControlRig_Hexagon_1mm.uasset" 311
"../../../Engine/Plugins/Animation/ControlRig/Content/Controls/ControlRig_Hexagon_1mm.uexp" 312
"../../../Engine/Plugins/Animation/ControlRig/Content/Controls/ControlRig_HalfCircle_solid.ubulk" 313
"../../../Engine/Plugins/Animation/ControlRig/Content/Controls/ControlRig_HalfCircle_solid.uasset" 314
"../../../Engine/Plugins/Animation/ControlRig/Content/Controls/ControlRig_HalfCircle_solid.uexp" 315
"../../../Engine/Plugins/Animation/ControlRig/Content/Controls/ControlRig_HalfCircle_3mm.ubulk" 316
"../../../Engine/Plugins/Animation/ControlRig/Content/Controls/ControlRig_HalfCircle_3mm.uasset" 317
"../../../Engine/Plugins/Animation/ControlRig/Content/Controls/ControlRig_HalfCircle_3mm.uexp" 318
"../../../Engine/Plugins/Animation/ControlRig/Content/Controls/ControlRig_HalfCircle_1mm.ubulk" 319
"../../../Engine/Plugins/Animation/ControlRig/Content/Controls/ControlRig_HalfCircle_1mm.uasset" 320
"../../../Engine/Plugins/Animation/ControlRig/Content/Controls/ControlRig_HalfCircle_1mm.uexp" 321
"../../../Engine/Plugins/Animation/ControlRig/Content/Controls/ControlRig_Diamond_solid.ubulk" 322
"../../../Engine/Plugins/Animation/ControlRig/Content/Controls/ControlRig_Diamond_solid.uasset" 323
"../../../Engine/Plugins/Animation/ControlRig/Content/Controls/ControlRig_Diamond_solid.uexp" 324
"../../../Engine/Plugins/Animation/ControlRig/Content/Controls/ControlRig_Diamond_3mm.ubulk" 325
"../../../Engine/Plugins/Animation/ControlRig/Content/Controls/ControlRig_Diamond_3mm.uasset" 326
"../../../Engine/Plugins/Animation/ControlRig/Content/Controls/ControlRig_Diamond_3mm.uexp" 327
"../../../Engine/Plugins/Animation/ControlRig/Content/Controls/ControlRig_Diamond_1mm.ubulk" 328
"../../../Engine/Plugins/Animation/ControlRig/Content/Controls/ControlRig_Diamond_1mm.uasset" 329
"../../../Engine/Plugins/Animation/ControlRig/Content/Controls/ControlRig_Diamond_1mm.uexp" 330
"../../../Engine/Plugins/Animation/ControlRig/Content/Controls/ControlRig_Circle_solid.ubulk" 331
"../../../Engine/Plugins/Animation/ControlRig/Content/Controls/ControlRig_Circle_solid.uasset" 332
"../../../Engine/Plugins/Animation/ControlRig/Content/Controls/ControlRig_Circle_solid.uexp" 333
"../../../Engine/Plugins/Animation/ControlRig/Content/Controls/ControlRig_Circle_3mm.ubulk" 334
"../../../Engine/Plugins/Animation/ControlRig/Content/Controls/ControlRig_Circle_3mm.uasset" 335
"../../../Engine/Plugins/Animation/ControlRig/Content/Controls/ControlRig_Circle_3mm.uexp" 336
"../../../Engine/Plugins/Animation/ControlRig/Content/Controls/ControlRig_Circle_1mm.ubulk" 337
"../../../Engine/Plugins/Animation/ControlRig/Content/Controls/ControlRig_Circle_1mm.uasset" 338
"../../../Engine/Plugins/Animation/ControlRig/Content/Controls/ControlRig_Circle_1mm.uexp" 339
"../../../Engine/Plugins/Animation/ControlRig/Content/Controls/ControlRig_Box_solid.ubulk" 340
"../../../Engine/Plugins/Animation/ControlRig/Content/Controls/ControlRig_Box_solid.uasset" 341
"../../../Engine/Plugins/Animation/ControlRig/Content/Controls/ControlRig_Box_solid.uexp" 342
"../../../Engine/Plugins/Animation/ControlRig/Content/Controls/ControlRig_Box_3mm.ubulk" 343
"../../../Engine/Plugins/Animation/ControlRig/Content/Controls/ControlRig_Box_3mm.uasset" 344
"../../../Engine/Plugins/Animation/ControlRig/Content/Controls/ControlRig_Box_3mm.uexp" 345
"../../../Engine/Plugins/Animation/ControlRig/Content/Controls/ControlRig_Box_1mm.ubulk" 346
"../../../Engine/Plugins/Animation/ControlRig/Content/Controls/ControlRig_Box_1mm.uasset" 347
"../../../Engine/Plugins/Animation/ControlRig/Content/Controls/ControlRig_Box_1mm.uexp" 348
"../../../Engine/Plugins/Animation/ControlRig/Content/Controls/ControlRig_Arrow_solid.ubulk" 349
"../../../Engine/Plugins/Animation/ControlRig/Content/Controls/ControlRig_Arrow_solid.uasset" 350
"../../../Engine/Plugins/Animation/ControlRig/Content/Controls/ControlRig_Arrow_solid.uexp" 351
"../../../Engine/Plugins/Animation/ControlRig/Content/Controls/ControlRig_Arrow_3mm.ubulk" 352
"../../../Engine/Plugins/Animation/ControlRig/Content/Controls/ControlRig_Arrow_3mm.uasset" 353
"../../../Engine/Plugins/Animation/ControlRig/Content/Controls/ControlRig_Arrow_3mm.uexp" 354
"../../../Engine/Plugins/Animation/ControlRig/Content/Controls/ControlRig_Arrow_1mm.ubulk" 355
"../../../Engine/Plugins/Animation/ControlRig/Content/Controls/ControlRig_Arrow_1mm.uasset" 356
"../../../Engine/Plugins/Animation/ControlRig/Content/Controls/ControlRig_Arrow_1mm.uexp" 357
"../../../Engine/Plugins/Animation/ControlRig/Content/Controls/ControlRig_Arrow4_solid.ubulk" 358
"../../../Engine/Plugins/Animation/ControlRig/Content/Controls/ControlRig_Arrow4_solid.uasset" 359
"../../../Engine/Plugins/Animation/ControlRig/Content/Controls/ControlRig_Arrow4_solid.uexp" 360
"../../../Engine/Plugins/Animation/ControlRig/Content/Controls/ControlRig_Arrow4_3mm.ubulk" 361
"../../../Engine/Plugins/Animation/ControlRig/Content/Controls/ControlRig_Arrow4_3mm.uasset" 362
"../../../Engine/Plugins/Animation/ControlRig/Content/Controls/ControlRig_Arrow4_3mm.uexp" 363
"../../../Engine/Plugins/Animation/ControlRig/Content/Controls/ControlRig_Arrow4_1mm.ubulk" 364
"../../../Engine/Plugins/Animation/ControlRig/Content/Controls/ControlRig_Arrow4_1mm.uasset" 365
"../../../Engine/Plugins/Animation/ControlRig/Content/Controls/ControlRig_Arrow4_1mm.uexp" 366
"../../../Engine/Plugins/Animation/ControlRig/Content/Controls/ControlRig_Arrow2_solid.ubulk" 367
"../../../Engine/Plugins/Animation/ControlRig/Content/Controls/ControlRig_Arrow2_solid.uasset" 368
"../../../Engine/Plugins/Animation/ControlRig/Content/Controls/ControlRig_Arrow2_solid.uexp" 369
"../../../Engine/Plugins/Animation/ControlRig/Content/Controls/ControlRig_Arrow2_3mm.ubulk" 370
"../../../Engine/Plugins/Animation/ControlRig/Content/Controls/ControlRig_Arrow2_3mm.uasset" 371
"../../../Engine/Plugins/Animation/ControlRig/Content/Controls/ControlRig_Arrow2_3mm.uexp" 372
"../../../Engine/Plugins/Animation/ControlRig/Content/Controls/ControlRig_Arrow2_1mm.ubulk" 373
"../../../Engine/Plugins/Animation/ControlRig/Content/Controls/ControlRig_Arrow2_1mm.uasset" 374
"../../../Engine/Plugins/Animation/ControlRig/Content/Controls/ControlRig_Arrow2_1mm.uexp" 375
"../../../Engine/Plugins/Animation/ControlRig/Content/Controls/ControlRigXRayMaterial.uasset" 376
"../../../Engine/Plugins/Animation/ControlRig/Content/Controls/ControlRigXRayMaterial.uexp" 377
"../../../Engine/Plugins/Animation/ControlRig/Content/Controls/ControlRigGizmoMaterial.uasset" 378
"../../../Engine/Plugins/Animation/ControlRig/Content/Controls/ControlRigGizmoMaterial.uexp" 379
"../../../Engine/Content/EngineResources/DefaultTexture.ubulk" 380
"../../../Engine/Content/EngineResources/DefaultTexture.uasset" 381
"../../../Engine/Content/EngineResources/DefaultTexture.uexp" 382
"../../../Engine/Content/EngineMeshes/Sphere.ubulk" 383
"../../../Engine/Content/EngineMeshes/Sphere.uasset" 384
"../../../Engine/Content/EngineMeshes/Sphere.uexp" 385
"../../../Engine/Content/EngineMaterials/RemoveSurfaceMaterial.uasset" 386
"../../../Engine/Content/EngineMaterials/RemoveSurfaceMaterial.uexp" 387
"../../../Engine/Content/EngineMaterials/PreintegratedSkinBRDF.uasset" 388
"../../../Engine/Content/EngineMaterials/PreintegratedSkinBRDF.uexp" 389
"../../../Engine/Content/EngineMaterials/DefaultCalibrationGrayscale.uasset" 390
"../../../Engine/Content/EngineMaterials/DefaultCalibrationGrayscale.uexp" 391
"../../../Engine/Content/EngineMaterials/PPM_DefaultCalibrationGrayscale.uasset" 392
"../../../Engine/Content/EngineMaterials/PPM_DefaultCalibrationGrayscale.uexp" 393
"../../../Engine/Content/EngineMaterials/DefaultCalibrationColor.uasset" 394
"../../../Engine/Content/EngineMaterials/DefaultCalibrationColor.uexp" 395
"../../../Engine/Content/EngineMaterials/PPM_DefaultCalibrationColor.uasset" 396
"../../../Engine/Content/EngineMaterials/PPM_DefaultCalibrationColor.uexp" 397
"../../../Engine/Content/EngineMaterials/PhAT_JointLimitMaterial.uasset" 398
"../../../Engine/Content/EngineMaterials/PhAT_JointLimitMaterial.uexp" 399
"../../../Engine/Content/EngineMaterials/NaniteHiddenSectionMaterial.uasset" 400
"../../../Engine/Content/EngineMaterials/NaniteHiddenSectionMaterial.uexp" 401
"../../../Engine/Content/EngineMaterials/InvalidLightmapSettings.ubulk" 402
"../../../Engine/Content/EngineMaterials/InvalidLightmapSettings.uasset" 403
"../../../Engine/Content/EngineMaterials/InvalidLightmapSettings.uexp" 404
"../../../Engine/Content/EngineMaterials/M_InvalidLightmapSettings.uasset" 405
"../../../Engine/Content/EngineMaterials/M_InvalidLightmapSettings.uexp" 406
"../../../Engine/Content/EngineMaterials/MiniFont.uasset" 407
"../../../Engine/Content/EngineMaterials/MiniFont.uexp" 408
"../../../Engine/Content/EngineMaterials/GizmoMaterial.uasset" 409
"../../../Engine/Content/EngineMaterials/GizmoMaterial.uexp" 410
"../../../Engine/Content/EngineMaterials/BaseFlattenNormalMap_VT.ubulk" 411
"../../../Engine/Content/EngineMaterials/BaseFlattenNormalMap_VT.uasset" 412
"../../../Engine/Content/EngineMaterials/BaseFlattenNormalMap_VT.uexp" 413
"../../../Engine/Content/EngineMaterials/BaseFlattenDiffuseMap_VT.ubulk" 414
"../../../Engine/Content/EngineMaterials/BaseFlattenDiffuseMap_VT.uasset" 415
"../../../Engine/Content/EngineMaterials/BaseFlattenDiffuseMap_VT.uexp" 416
"../../../Engine/Content/EngineMaterials/BaseFlattenEmissiveMap_VT.ubulk" 417
"../../../Engine/Content/EngineMaterials/BaseFlattenEmissiveMap_VT.uasset" 418
"../../../Engine/Content/EngineMaterials/BaseFlattenEmissiveMap_VT.uexp" 419
"../../../Engine/Content/EngineMaterials/BaseFlattenLinearColor_VT.ubulk" 420
"../../../Engine/Content/EngineMaterials/BaseFlattenLinearColor_VT.uasset" 421
"../../../Engine/Content/EngineMaterials/BaseFlattenLinearColor_VT.uexp" 422
"../../../Engine/Content/EngineMaterials/BaseFlattenGrayscaleMap_VT.ubulk" 423
"../../../Engine/Content/EngineMaterials/BaseFlattenGrayscaleMap_VT.uasset" 424
"../../../Engine/Content/EngineMaterials/BaseFlattenGrayscaleMap_VT.uexp" 425
"../../../Engine/Content/EngineMaterials/Black_1x1_EXR_Texture_VT.ubulk" 426
"../../../Engine/Content/EngineMaterials/Black_1x1_EXR_Texture_VT.uasset" 427
"../../../Engine/Content/EngineMaterials/Black_1x1_EXR_Texture_VT.uexp" 428
"../../../Engine/Content/EngineMaterials/FlattenMaterial_WS_Normal_VT.uasset" 429
"../../../Engine/Content/EngineMaterials/FlattenMaterial_WS_Normal_VT.uexp" 430
"../../../Engine/Content/EngineMaterials/FlattenMaterial_VT.uasset" 431
"../../../Engine/Content/EngineMaterials/FlattenMaterial_VT.uexp" 432
"../../../Engine/Content/EngineMaterials/BaseFlattenLinearColor.uasset" 433
"../../../Engine/Content/EngineMaterials/BaseFlattenLinearColor.uexp" 434
"../../../Engine/Content/EngineMaterials/BaseFlattenNormalMap.uasset" 435
"../../../Engine/Content/EngineMaterials/BaseFlattenNormalMap.uexp" 436
"../../../Engine/Content/EngineMaterials/BaseFlattenDiffuseMap.uasset" 437
"../../../Engine/Content/EngineMaterials/BaseFlattenDiffuseMap.uexp" 438
"../../../Engine/Content/EngineMaterials/BaseFlattenEmissiveMap.uasset" 439
"../../../Engine/Content/EngineMaterials/BaseFlattenEmissiveMap.uexp" 440
"../../../Engine/Content/EngineMaterials/BaseFlattenGrayscaleMap.uasset" 441
"../../../Engine/Content/EngineMaterials/BaseFlattenGrayscaleMap.uexp" 442
"../../../Engine/Content/Functions/Engine_MaterialFunctions02/PivotPainter2/Black_1x1_EXR_Texture.uasset" 443
"../../../Engine/Content/Functions/Engine_MaterialFunctions02/PivotPainter2/Black_1x1_EXR_Texture.uexp" 444
"../../../Engine/Content/EngineMaterials/FlattenMaterial.uasset" 445
"../../../Engine/Content/EngineMaterials/FlattenMaterial.uexp" 446
"../../../Engine/Content/EngineMaterials/FastBlueNoise_vec2_128x128x64.uasset" 447
"../../../Engine/Content/EngineMaterials/FastBlueNoise_vec2_128x128x64.uexp" 448
"../../../Engine/Content/EngineMaterials/FastBlueNoise_scalar_128x128x8.uasset" 449
"../../../Engine/Content/EngineMaterials/FastBlueNoise_scalar_128x128x8.uexp" 450
"../../../Engine/Content/EngineMaterials/FastBlueNoise_scalar_128x128x64.uasset" 451
"../../../Engine/Content/EngineMaterials/FastBlueNoise_scalar_128x128x64.uexp" 452
"../../../Engine/Content/EngineMaterials/DefaultWhiteGrid_Low.uasset" 453
"../../../Engine/Content/EngineMaterials/DefaultWhiteGrid_Low.uexp" 454
"../../../Engine/Content/EngineMaterials/EmissiveMeshMaterial.uasset" 455
"../../../Engine/Content/EngineMaterials/EmissiveMeshMaterial.uexp" 456
"../../../Engine/Content/EngineMaterials/DefaultWhiteGrid.ubulk" 457
"../../../Engine/Content/EngineMaterials/DefaultWhiteGrid.uasset" 458
"../../../Engine/Content/EngineMaterials/DefaultWhiteGrid.uexp" 459
"../../../Engine/Content/EngineFonts/RobotoDistanceField.uasset" 460
"../../../Engine/Content/EngineFonts/RobotoDistanceField.uexp" 461
"../../../Engine/Content/EngineMaterials/DefaultTextMaterialOpaque.uasset" 462
"../../../Engine/Content/EngineMaterials/DefaultTextMaterialOpaque.uexp" 463
"../../../Engine/Content/Functions/Engine_MaterialFunctions02/Utility/BreakOutFloat2Components.uasset" 464
"../../../Engine/Content/Functions/Engine_MaterialFunctions02/Utility/BreakOutFloat2Components.uexp" 465
"../../../Engine/Content/EngineMaterials/DefaultDiffuse.ubulk" 466
"../../../Engine/Content/EngineMaterials/DefaultDiffuse.uasset" 467
"../../../Engine/Content/EngineMaterials/DefaultDiffuse.uexp" 468
"../../../Engine/Content/EngineMaterials/DefaultPostProcessMaterial.uasset" 469
"../../../Engine/Content/EngineMaterials/DefaultPostProcessMaterial.uexp" 470
"../../../Engine/Content/EngineMaterials/DefaultLightFunctionMaterial.uasset" 471
"../../../Engine/Content/EngineMaterials/DefaultLightFunctionMaterial.uexp" 472
"../../../Engine/Content/EngineMaterials/DefaultDeferredDecalMaterial.uasset" 473
"../../../Engine/Content/EngineMaterials/DefaultDeferredDecalMaterial.uexp" 474
"../../../Engine/Content/EngineMaterials/DefaultBokeh.uasset" 475
"../../../Engine/Content/EngineMaterials/DefaultBokeh.uexp" 476
"../../../Engine/Content/EngineMaterials/DefaultBloomKernel.uasset" 477
"../../../Engine/Content/EngineMaterials/DefaultBloomKernel.uexp" 478
"../../../Engine/Content/Functions/Engine_MaterialFunctions02/Utility/CameraDirectionVector.uasset" 479
"../../../Engine/Content/Functions/Engine_MaterialFunctions02/Utility/CameraDirectionVector.uexp" 480
"../../../Engine/Content/EngineDebugMaterials/VolumeToRender.uasset" 481
"../../../Engine/Content/EngineDebugMaterials/VolumeToRender.uexp" 482
"../../../Engine/Content/EngineDebugMaterials/M_VolumeRenderSphereTracePP.uasset" 483
"../../../Engine/Content/EngineDebugMaterials/M_VolumeRenderSphereTracePP.uexp" 484
"../../../Engine/Content/EngineDebugMaterials/M_SimpleUnlitTranslucent.uasset" 485
"../../../Engine/Content/EngineDebugMaterials/M_SimpleUnlitTranslucent.uexp" 486
"../../../Engine/Content/EngineDebugMaterials/DebugMeshMaterial.uasset" 487
"../../../Engine/Content/EngineDebugMaterials/DebugMeshMaterial.uexp" 488
"../../../Engine/Content/EngineDebugMaterials/DebugEditorMaterial.uasset" 489
"../../../Engine/Content/EngineDebugMaterials/DebugEditorMaterial.uexp" 490
"../../../Engine/Content/EngineDamageTypes/DmgTypeBP_Environmental.uasset" 491
"../../../Engine/Content/EngineDamageTypes/DmgTypeBP_Environmental.uexp" 492
"../../../Engine/Content/EditorResources/S_TriggerSphere.uasset" 493
"../../../Engine/Content/EditorResources/S_TriggerSphere.uexp" 494
"../../../Engine/Content/EditorResources/S_TriggerCapsule.uasset" 495
"../../../Engine/Content/EditorResources/S_TriggerCapsule.uexp" 496
"../../../Engine/Content/EditorResources/S_TriggerBox.uasset" 497
"../../../Engine/Content/EditorResources/S_TriggerBox.uexp" 498
"../../../Engine/Content/EditorResources/S_Terrain.ubulk" 499
"../../../Engine/Content/EditorResources/S_Terrain.uasset" 500
"../../../Engine/Content/EditorResources/S_Terrain.uexp" 501
"../../../Engine/Content/EditorResources/S_Solver.ubulk" 502
"../../../Engine/Content/EditorResources/S_Solver.uasset" 503
"../../../Engine/Content/EditorResources/S_Solver.uexp" 504
"../../../Engine/Content/EditorResources/BSPVertex.uasset" 505
"../../../Engine/Content/EditorResources/BSPVertex.uexp" 506
"../../../Engine/Content/EditorMaterials/PreviewShadowIndicator.ubulk" 507
"../../../Engine/Content/EditorMaterials/PreviewShadowIndicator.uasset" 508
"../../../Engine/Content/EditorMaterials/PreviewShadowIndicator.uexp" 509
"../../../Engine/Content/EditorMaterials/PreviewShadowIndicatorMaterial.uasset" 510
"../../../Engine/Content/EditorMaterials/PreviewShadowIndicatorMaterial.uexp" 511
"../../../Engine/Content/EditorMaterials/PhAT_UnselectedMaterial.uasset" 512
"../../../Engine/Content/EditorMaterials/PhAT_UnselectedMaterial.uexp" 513
"../../../Engine/Content/EditorMaterials/PhAT_NoCollisionMaterial.uasset" 514
"../../../Engine/Content/EditorMaterials/PhAT_NoCollisionMaterial.uexp" 515
"../../../Engine/Content/EditorLandscapeResources/SplineEditorMeshMat.uasset" 516
"../../../Engine/Content/EditorLandscapeResources/SplineEditorMeshMat.uexp" 517
"../../../Engine/Content/EditorLandscapeResources/SplineEditorMesh.ubulk" 518
"../../../Engine/Content/EditorLandscapeResources/SplineEditorMesh.uasset" 519
"../../../Engine/Content/EditorLandscapeResources/SplineEditorMesh.uexp" 520
"../../../Engine/Content/EditorLandscapeResources/WhiteSquareTexture.uasset" 521
"../../../Engine/Content/EditorLandscapeResources/WhiteSquareTexture.uexp" 522
"../../../Engine/Content/EditorLandscapeResources/LayerVisMaterial.uasset" 523
"../../../Engine/Content/EditorLandscapeResources/LayerVisMaterial.uexp" 524
"../../../Engine/Content/Functions/Engine_MaterialFunctions01/Texturing/ScaleUVsByCenter.uasset" 525
"../../../Engine/Content/Functions/Engine_MaterialFunctions01/Texturing/ScaleUVsByCenter.uexp" 526
"../../../Engine/Content/Functions/Engine_MaterialFunctions02/WorldPositionOffset/LocalPosition.uasset" 527
"../../../Engine/Content/Functions/Engine_MaterialFunctions02/WorldPositionOffset/LocalPosition.uexp" 528
"../../../Engine/Content/Functions/Engine_MaterialFunctions01/Texturing/TextureCropping.uasset" 529
"../../../Engine/Content/Functions/Engine_MaterialFunctions01/Texturing/TextureCropping.uexp" 530
"../../../Engine/Content/Functions/Engine_MaterialFunctions02/ExampleContent/DebugNumberStrip.uasset" 531
"../../../Engine/Content/Functions/Engine_MaterialFunctions02/ExampleContent/DebugNumberStrip.uexp" 532
"../../../Engine/Content/Functions/Engine_MaterialFunctions01/Debug/DebugIntValues.uasset" 533
"../../../Engine/Content/Functions/Engine_MaterialFunctions01/Debug/DebugIntValues.uexp" 534
"../../../Engine/Content/EditorLandscapeResources/LandscapeLayerUsageMaterial.uasset" 535
"../../../Engine/Content/EditorLandscapeResources/LandscapeLayerUsageMaterial.uexp" 536
"../../../Engine/Content/EditorLandscapeResources/DefaultAlphaTexture.uasset" 537
"../../../Engine/Content/EditorLandscapeResources/DefaultAlphaTexture.uexp" 538
"../../../Engine/Content/EditorLandscapeResources/LandscapeDirtyMaterial.uasset" 539
"../../../Engine/Content/EditorLandscapeResources/LandscapeDirtyMaterial.uexp" 540
"../../../Engine/Content/EngineMaterials/DefaultMaterial.uasset" 541
"../../../Engine/Content/EngineMaterials/DefaultMaterial.uexp" 542
"../../../Engine/Content/BasicShapes/Cylinder.ubulk" 543
"../../../Engine/Content/BasicShapes/Cylinder.uasset" 544
"../../../Engine/Content/BasicShapes/Cylinder.uexp" 545
"../../../Engine/Content/BasicShapes/Cone.ubulk" 546
"../../../Engine/Content/BasicShapes/Cone.uasset" 547
"../../../Engine/Content/BasicShapes/Cone.uexp" 548
"../../../Engine/Content/EditorMaterials/ParticleSystems/PSysThumbnail_OOD.ubulk" 549
"../../../Engine/Content/EditorMaterials/ParticleSystems/PSysThumbnail_OOD.uasset" 550
"../../../Engine/Content/EditorMaterials/ParticleSystems/PSysThumbnail_OOD.uexp" 551
"../../../Engine/Content/EditorMaterials/ParticleSystems/PSysThumbnail_NoImage.ubulk" 552
"../../../Engine/Content/EditorMaterials/ParticleSystems/PSysThumbnail_NoImage.uasset" 553
"../../../Engine/Content/EditorMaterials/ParticleSystems/PSysThumbnail_NoImage.uexp" 554
"../../../Engine/Content/EditorMaterials/Dataflow/DataflowVertexMaterial.uasset" 555
"../../../Engine/Content/EditorMaterials/Dataflow/DataflowVertexMaterial.uexp" 556
"../../../Engine/Content/EditorMaterials/Dataflow/DataflowTwoSidedVertexMaterial.uasset" 557
"../../../Engine/Content/EditorMaterials/Dataflow/DataflowTwoSidedVertexMaterial.uexp" 558
"../../../Engine/Content/EngineResources/FilmGrains/Marcie_Grain_v3_128_M2_000.uasset" 559
"../../../Engine/Content/EngineResources/FilmGrains/Marcie_Grain_v3_128_M2_000.uexp" 560
"../../../Engine/Content/EngineResources/Development/ZenLogo_64.uasset" 561
"../../../Engine/Content/EngineResources/Development/ZenLogo_64.uexp" 562
"../../../Engine/Content/EngineMaterials/LTC/Sheen_LTC.uasset" 563
"../../../Engine/Content/EngineMaterials/LTC/Sheen_LTC.uexp" 564
"../../../Engine/Content/EngineMaterials/LTC/GGX_LTCMat.uasset" 565
"../../../Engine/Content/EngineMaterials/LTC/GGX_LTCMat.uexp" 566
"../../../Engine/Content/EngineMaterials/LTC/GGX_LTCAmp.uasset" 567
"../../../Engine/Content/EngineMaterials/LTC/GGX_LTCAmp.uexp" 568
"../../../Engine/Content/EngineMaterials/EnergyConservation/Sheen_Energy.uasset" 569
"../../../Engine/Content/EngineMaterials/EnergyConservation/Sheen_Energy.uexp" 570
"../../../Engine/Content/EngineMaterials/EnergyConservation/SheenLegacy_Energy.uasset" 571
"../../../Engine/Content/EngineMaterials/EnergyConservation/SheenLegacy_Energy.uexp" 572
"../../../Engine/Content/EngineMaterials/EnergyConservation/GGX_TransmissionEnergyArray.uasset" 573
"../../../Engine/Content/EngineMaterials/EnergyConservation/GGX_TransmissionEnergyArray.uexp" 574
"../../../Engine/Content/EngineMaterials/EnergyConservation/GGX_ReflectionEnergy.uasset" 575
"../../../Engine/Content/EngineMaterials/EnergyConservation/GGX_ReflectionEnergy.uexp" 576
"../../../Engine/Content/EngineMaterials/EnergyConservation/Diffuse_Energy.uasset" 577
"../../../Engine/Content/EngineMaterials/EnergyConservation/Diffuse_Energy.uexp" 578
"../../../Engine/Content/EditorResources/SequenceRecorder/RecordingIndicator.uasset" 579
"../../../Engine/Content/EditorResources/SequenceRecorder/RecordingIndicator.uexp" 580
"../../../Engine/Content/EditorResources/SequenceRecorder/Countdown.uasset" 581
"../../../Engine/Content/EditorResources/SequenceRecorder/Countdown.uexp" 582
"../../../Engine/Content/EditorMaterials/Camera/CineMat.uasset" 583
"../../../Engine/Content/EditorMaterials/Camera/CineMat.uexp" 584
"../../../Engine/Content/EditorMaterials/Camera/MI_CineMat_Rig.uasset" 585
"../../../Engine/Content/EditorMaterials/Camera/MI_CineMat_Rig.uexp" 586
"../../../Engine/Content/EditorMeshes/Camera/SM_RailRig_Track.ubulk" 587
"../../../Engine/Content/EditorMeshes/Camera/SM_RailRig_Track.uasset" 588
"../../../Engine/Content/EditorMeshes/Camera/SM_RailRig_Track.uexp" 589
"../../../Engine/Content/EditorMeshes/Camera/SM_RailRig_Mount.ubulk" 590
"../../../Engine/Content/EditorMeshes/Camera/SM_RailRig_Mount.uasset" 591
"../../../Engine/Content/EditorMeshes/Camera/SM_RailRig_Mount.uexp" 592
"../../../Engine/Content/EditorMeshes/Camera/SM_CraneRig_Mount.ubulk" 593
"../../../Engine/Content/EditorMeshes/Camera/SM_CraneRig_Mount.uasset" 594
"../../../Engine/Content/EditorMeshes/Camera/SM_CraneRig_Mount.uexp" 595
"../../../Engine/Content/EditorMeshes/Camera/SM_CraneRig_Body.ubulk" 596
"../../../Engine/Content/EditorMeshes/Camera/SM_CraneRig_Body.uasset" 597
"../../../Engine/Content/EditorMeshes/Camera/SM_CraneRig_Body.uexp" 598
"../../../Engine/Content/EditorMeshes/Camera/SM_CraneRig_Base.ubulk" 599
"../../../Engine/Content/EditorMeshes/Camera/SM_CraneRig_Base.uasset" 600
"../../../Engine/Content/EditorMeshes/Camera/SM_CraneRig_Base.uexp" 601
"../../../Engine/Content/EditorMeshes/Camera/SM_CraneRig_Arm.ubulk" 602
"../../../Engine/Content/EditorMeshes/Camera/SM_CraneRig_Arm.uasset" 603
"../../../Engine/Content/EditorMeshes/Camera/SM_CraneRig_Arm.uexp" 604
"../../../Engine/Content/VREditor/TransformGizmo/Xray.uasset" 605
"../../../Engine/Content/VREditor/TransformGizmo/Xray.uexp" 606
"../../../Engine/Content/VREditor/TransformGizmo/Main.uasset" 607
"../../../Engine/Content/VREditor/TransformGizmo/Main.uexp" 608
"../../../Engine/Content/VREditor/TransformGizmo/SM_Sequencer_Node.ubulk" 609
"../../../Engine/Content/VREditor/TransformGizmo/SM_Sequencer_Node.uasset" 610
"../../../Engine/Content/VREditor/TransformGizmo/SM_Sequencer_Node.uexp" 611
"../../../Engine/Content/VREditor/TransformGizmo/TranslucentTransformGizmoMaterial.uasset" 612
"../../../Engine/Content/VREditor/TransformGizmo/TranslucentTransformGizmoMaterial.uexp" 613
"../../../Engine/Content/VREditor/LaserPointer/VR_LaserPower_01.ubulk" 614
"../../../Engine/Content/VREditor/LaserPointer/VR_LaserPower_01.uasset" 615
"../../../Engine/Content/VREditor/LaserPointer/VR_LaserPower_01.uexp" 616
"../../../Engine/Content/VREditor/TransformGizmo/TransformGizmoMaterial.uasset" 617
"../../../Engine/Content/VREditor/TransformGizmo/TransformGizmoMaterial.uexp" 618
"../../../Engine/Content/VREditor/TransformGizmo/BoundingBoxEdge.ubulk" 619
"../../../Engine/Content/VREditor/TransformGizmo/BoundingBoxEdge.uasset" 620
"../../../Engine/Content/VREditor/TransformGizmo/BoundingBoxEdge.uexp" 621
"../../../Engine/Content/VREditor/TransformGizmo/BoundingBoxCorner.ubulk" 622
"../../../Engine/Content/VREditor/TransformGizmo/BoundingBoxCorner.uasset" 623
"../../../Engine/Content/VREditor/TransformGizmo/BoundingBoxCorner.uexp" 624
"../../../Engine/Content/ArtTools/RenderToTexture/Meshes/S_1_Unit_Plane.ubulk" 625
"../../../Engine/Content/ArtTools/RenderToTexture/Meshes/S_1_Unit_Plane.uasset" 626
"../../../Engine/Content/ArtTools/RenderToTexture/Meshes/S_1_Unit_Plane.uexp" 627
"../../../Engine/Content/Functions/Engine_MaterialFunctions01/Shading/PowerToRoughness.uasset" 628
"../../../Engine/Content/Functions/Engine_MaterialFunctions01/Shading/PowerToRoughness.uexp" 629
"../../../Engine/Content/Functions/Engine_MaterialFunctions01/Shading/ConvertFromDiffSpec.uasset" 630
"../../../Engine/Content/Functions/Engine_MaterialFunctions01/Shading/ConvertFromDiffSpec.uexp" 631
"../../../Engine/Content/EngineMaterials/Substrate/Glints2/AGlintTex2dArray2.uasset" 632
"../../../Engine/Content/EngineMaterials/Substrate/Glints2/AGlintTex2dArray2.uexp" 633
"../../../Engine/Content/EngineResources/DefaultTextureCube.uasset" 634
"../../../Engine/Content/EngineResources/DefaultTextureCube.uexp" 635
"../../../Engine/Content/EngineMaterials/Substrate/Volume/SubstrateSimpleVolumeEnvLUT3D.uasset" 636
"../../../Engine/Content/EngineMaterials/Substrate/Volume/SubstrateSimpleVolumeEnvLUT3D.uexp" 637
"../../../Engine/Content/EngineMaterials/Substrate/Volume/SubstrateSimpleVolumeLUT3D.uasset" 638
"../../../Engine/Content/EngineMaterials/Substrate/Volume/SubstrateSimpleVolumeLUT3D.uexp" 639
"../../../Engine/Content/EngineMaterials/Substrate/GLints/AGlintTex2dArray.uasset" 640
"../../../Engine/Content/EngineMaterials/Substrate/GLints/AGlintTex2dArray.uexp" 641
"../../../Engine/Plugins/Interchange/Assets/Content/Utilities/New_LUT.uasset" 642
"../../../Engine/Plugins/Interchange/Assets/Content/Utilities/New_LUT.uexp" 643
"../../../Engine/Content/Functions/Engine_MaterialFunctions03/Math/RemapValueRange.uasset" 644
"../../../Engine/Content/Functions/Engine_MaterialFunctions03/Math/RemapValueRange.uexp" 645
"../../../Engine/Plugins/Interchange/Assets/Content/Functions/MF_Iridescence.uasset" 646
"../../../Engine/Plugins/Interchange/Assets/Content/Functions/MF_Iridescence.uexp" 647
"../../../Engine/Plugins/Interchange/Assets/Content/gltf/Textures/T_White_srgb.uasset" 648
"../../../Engine/Plugins/Interchange/Assets/Content/gltf/Textures/T_White_srgb.uexp" 649
"../../../Engine/Plugins/Interchange/Assets/Content/gltf/MaterialFunctions/MF_BaseColor.uasset" 650
"../../../Engine/Plugins/Interchange/Assets/Content/gltf/MaterialFunctions/MF_BaseColor.uexp" 651
"../../../Engine/Plugins/Interchange/Assets/Content/gltf/MaterialFunctions/MF_RotateV2.uasset" 652
"../../../Engine/Plugins/Interchange/Assets/Content/gltf/MaterialFunctions/MF_RotateV2.uexp" 653
"../../../Engine/Plugins/Interchange/Assets/Content/gltf/MaterialFunctions/MF_TransformUVs.uasset" 654
"../../../Engine/Plugins/Interchange/Assets/Content/gltf/MaterialFunctions/MF_TransformUVs.uexp" 655
"../../../Engine/Content/Functions/Engine_MaterialFunctions02/Math/Transform3x3Matrix.uasset" 656
"../../../Engine/Content/Functions/Engine_MaterialFunctions02/Math/Transform3x3Matrix.uexp" 657
"../../../Engine/Plugins/Interchange/Assets/Content/gltf/MaterialFunctions/MF_IOR.uasset" 658
"../../../Engine/Plugins/Interchange/Assets/Content/gltf/MaterialFunctions/MF_IOR.uexp" 659
"../../../Engine/Plugins/Interchange/Assets/Content/gltf/MaterialFunctions/MF_Iridescence.uasset" 660
"../../../Engine/Plugins/Interchange/Assets/Content/gltf/MaterialFunctions/MF_Iridescence.uexp" 661
"../../../Engine/Plugins/Interchange/Assets/Content/gltf/Textures/T_White_Linear.uasset" 662
"../../../Engine/Plugins/Interchange/Assets/Content/gltf/Textures/T_White_Linear.uexp" 663
"../../../Engine/Plugins/Interchange/Assets/Content/gltf/MaterialFunctions/MF_MetallicRoughness.uasset" 664
"../../../Engine/Plugins/Interchange/Assets/Content/gltf/MaterialFunctions/MF_MetallicRoughness.uexp" 665
"../../../Engine/Plugins/Interchange/Assets/Content/gltf/MaterialFunctions/MF_RotateNormals_TS.uasset" 666
"../../../Engine/Plugins/Interchange/Assets/Content/gltf/MaterialFunctions/MF_RotateNormals_TS.uexp" 667
"../../../Engine/Plugins/Interchange/Assets/Content/gltf/MaterialFunctions/MF_ScaleNormal.uasset" 668
"../../../Engine/Plugins/Interchange/Assets/Content/gltf/MaterialFunctions/MF_ScaleNormal.uexp" 669
"../../../Engine/Plugins/Interchange/Assets/Content/gltf/Textures/T_Generic_N.uasset" 670
"../../../Engine/Plugins/Interchange/Assets/Content/gltf/Textures/T_Generic_N.uexp" 671
"../../../Engine/Plugins/Interchange/Assets/Content/gltf/MaterialFunctions/MF_Normals.uasset" 672
"../../../Engine/Plugins/Interchange/Assets/Content/gltf/MaterialFunctions/MF_Normals.uexp" 673
"../../../Engine/Plugins/Interchange/Assets/Content/gltf/MaterialFunctions/MF_Occlusion.uasset" 674
"../../../Engine/Plugins/Interchange/Assets/Content/gltf/MaterialFunctions/MF_Occlusion.uexp" 675
"../../../Engine/Plugins/Interchange/Assets/Content/gltf/MaterialFunctions/MF_Specular.uasset" 676
"../../../Engine/Plugins/Interchange/Assets/Content/gltf/MaterialFunctions/MF_Specular.uexp" 677
"../../../Engine/Plugins/Interchange/Assets/Content/gltf/Textures/T_Anisotropy_Direction_Linear.uasset" 678
"../../../Engine/Plugins/Interchange/Assets/Content/gltf/Textures/T_Anisotropy_Direction_Linear.uexp" 679
"../../../Engine/Plugins/Interchange/Assets/Content/gltf/MaterialFunctions/MF_SpecularAnisotropy.uasset" 680
"../../../Engine/Plugins/Interchange/Assets/Content/gltf/MaterialFunctions/MF_SpecularAnisotropy.uexp" 681
"../../../Engine/Plugins/Interchange/Assets/Content/gltf/MaterialFunctions/MF_Emissive.uasset" 682
"../../../Engine/Plugins/Interchange/Assets/Content/gltf/MaterialFunctions/MF_Emissive.uexp" 683
"../../../Engine/Content/Functions/Engine_MaterialFunctions01/Texturing/FlattenNormal.uasset" 684
"../../../Engine/Content/Functions/Engine_MaterialFunctions01/Texturing/FlattenNormal.uexp" 685
"../../../Engine/Plugins/Interchange/Assets/Content/gltf/MaterialFunctions/MF_Clearcoat.uasset" 686
"../../../Engine/Plugins/Interchange/Assets/Content/gltf/MaterialFunctions/MF_Clearcoat.uexp" 687
"../../../Engine/Plugins/Interchange/Assets/Content/gltf/MaterialBodies/MF_ClearCoat_Body.uasset" 688
"../../../Engine/Plugins/Interchange/Assets/Content/gltf/MaterialBodies/MF_ClearCoat_Body.uexp" 689
"../../../Engine/Plugins/Interchange/Assets/Content/gltf/M_ClearCoat.uasset" 690
"../../../Engine/Plugins/Interchange/Assets/Content/gltf/M_ClearCoat.uexp" 691
"../../../Engine/Plugins/Interchange/Assets/Content/gltf/MaterialInstances/MI_ClearCoat_Blend.uasset" 692
"../../../Engine/Plugins/Interchange/Assets/Content/gltf/MaterialInstances/MI_ClearCoat_Blend.uexp" 693
"../../../Engine/Plugins/Interchange/Assets/Content/gltf/MaterialInstances/MI_ClearCoat_Blend_DS.uasset" 694
"../../../Engine/Plugins/Interchange/Assets/Content/gltf/MaterialInstances/MI_ClearCoat_Blend_DS.uexp" 695
"../../../Engine/Plugins/Interchange/Assets/Content/gltf/MaterialInstances/MI_ClearCoat_Mask.uasset" 696
"../../../Engine/Plugins/Interchange/Assets/Content/gltf/MaterialInstances/MI_ClearCoat_Mask.uexp" 697
"../../../Engine/Plugins/Interchange/Assets/Content/gltf/MaterialInstances/MI_ClearCoat_Mask_DS.uasset" 698
"../../../Engine/Plugins/Interchange/Assets/Content/gltf/MaterialInstances/MI_ClearCoat_Mask_DS.uexp" 699
"../../../Engine/Plugins/Interchange/Assets/Content/gltf/MaterialInstances/MI_ClearCoat_Opaque.uasset" 700
"../../../Engine/Plugins/Interchange/Assets/Content/gltf/MaterialInstances/MI_ClearCoat_Opaque.uexp" 701
"../../../Engine/Plugins/Interchange/Assets/Content/gltf/MaterialInstances/MI_ClearCoat_Opaque_DS.uasset" 702
"../../../Engine/Plugins/Interchange/Assets/Content/gltf/MaterialInstances/MI_ClearCoat_Opaque_DS.uexp" 703
"../../../Engine/Plugins/Interchange/Assets/Content/gltf/MaterialBodies/MF_Default_Body.uasset" 704
"../../../Engine/Plugins/Interchange/Assets/Content/gltf/MaterialBodies/MF_Default_Body.uexp" 705
"../../../Engine/Plugins/Interchange/Assets/Content/gltf/M_Default.uasset" 706
"../../../Engine/Plugins/Interchange/Assets/Content/gltf/M_Default.uexp" 707
"../../../Engine/Plugins/Interchange/Assets/Content/gltf/MaterialInstances/MI_Default_Blend.uasset" 708
"../../../Engine/Plugins/Interchange/Assets/Content/gltf/MaterialInstances/MI_Default_Blend.uexp" 709
"../../../Engine/Plugins/Interchange/Assets/Content/gltf/MaterialInstances/MI_Default_Blend_DS.uasset" 710
"../../../Engine/Plugins/Interchange/Assets/Content/gltf/MaterialInstances/MI_Default_Blend_DS.uexp" 711
"../../../Engine/Plugins/Interchange/Assets/Content/gltf/MaterialInstances/MI_Default_Mask.uasset" 712
"../../../Engine/Plugins/Interchange/Assets/Content/gltf/MaterialInstances/MI_Default_Mask.uexp" 713
"../../../Engine/Plugins/Interchange/Assets/Content/gltf/MaterialInstances/MI_Default_Mask_DS.uasset" 714
"../../../Engine/Plugins/Interchange/Assets/Content/gltf/MaterialInstances/MI_Default_Mask_DS.uexp" 715
"../../../Engine/Plugins/Interchange/Assets/Content/gltf/MaterialInstances/MI_Default_Opaque.uasset" 716
"../../../Engine/Plugins/Interchange/Assets/Content/gltf/MaterialInstances/MI_Default_Opaque.uexp" 717
"../../../Engine/Plugins/Interchange/Assets/Content/gltf/MaterialInstances/MI_Default_Opaque_DS.uasset" 718
"../../../Engine/Plugins/Interchange/Assets/Content/gltf/MaterialInstances/MI_Default_Opaque_DS.uexp" 719
"../../../Engine/Plugins/Interchange/Assets/Content/gltf/MaterialFunctions/MF_Sheen.uasset" 720
"../../../Engine/Plugins/Interchange/Assets/Content/gltf/MaterialFunctions/MF_Sheen.uexp" 721
"../../../Engine/Plugins/Interchange/Assets/Content/gltf/MaterialBodies/MF_Sheen_Body.uasset" 722
"../../../Engine/Plugins/Interchange/Assets/Content/gltf/MaterialBodies/MF_Sheen_Body.uexp" 723
"../../../Engine/Plugins/Interchange/Assets/Content/gltf/M_Sheen.uasset" 724
"../../../Engine/Plugins/Interchange/Assets/Content/gltf/M_Sheen.uexp" 725
"../../../Engine/Plugins/Interchange/Assets/Content/gltf/MaterialInstances/MI_Sheen_Blend.uasset" 726
"../../../Engine/Plugins/Interchange/Assets/Content/gltf/MaterialInstances/MI_Sheen_Blend.uexp" 727
"../../../Engine/Plugins/Interchange/Assets/Content/gltf/MaterialInstances/MI_Sheen_Blend_DS.uasset" 728
"../../../Engine/Plugins/Interchange/Assets/Content/gltf/MaterialInstances/MI_Sheen_Blend_DS.uexp" 729
"../../../Engine/Plugins/Interchange/Assets/Content/gltf/MaterialInstances/MI_Sheen_Mask.uasset" 730
"../../../Engine/Plugins/Interchange/Assets/Content/gltf/MaterialInstances/MI_Sheen_Mask.uexp" 731
"../../../Engine/Plugins/Interchange/Assets/Content/gltf/MaterialInstances/MI_Sheen_Mask_DS.uasset" 732
"../../../Engine/Plugins/Interchange/Assets/Content/gltf/MaterialInstances/MI_Sheen_Mask_DS.uexp" 733
"../../../Engine/Plugins/Interchange/Assets/Content/gltf/MaterialInstances/MI_Sheen_Opaque.uasset" 734
"../../../Engine/Plugins/Interchange/Assets/Content/gltf/MaterialInstances/MI_Sheen_Opaque.uexp" 735
"../../../Engine/Plugins/Interchange/Assets/Content/gltf/MaterialInstances/MI_Sheen_Opaque_DS.uasset" 736
"../../../Engine/Plugins/Interchange/Assets/Content/gltf/MaterialInstances/MI_Sheen_Opaque_DS.uexp" 737
"../../../Engine/Content/Functions/Engine_MaterialFunctions02/Math/AddComponents.uasset" 738
"../../../Engine/Content/Functions/Engine_MaterialFunctions02/Math/AddComponents.uexp" 739
"../../../Engine/Plugins/Interchange/Assets/Content/gltf/MaterialFunctions/MF_DiffuseSpecGloss.uasset" 740
"../../../Engine/Plugins/Interchange/Assets/Content/gltf/MaterialFunctions/MF_DiffuseSpecGloss.uexp" 741
"../../../Engine/Plugins/Interchange/Assets/Content/gltf/MaterialFunctions/MF_MaxComponentValue.uasset" 742
"../../../Engine/Plugins/Interchange/Assets/Content/gltf/MaterialFunctions/MF_MaxComponentValue.uexp" 743
"../../../Engine/Plugins/Interchange/Assets/Content/gltf/MaterialFunctions/MF_PerceivedBrightness.uasset" 744
"../../../Engine/Plugins/Interchange/Assets/Content/gltf/MaterialFunctions/MF_PerceivedBrightness.uexp" 745
"../../../Engine/Plugins/Interchange/Assets/Content/gltf/MaterialFunctions/MF_SpecGlossToMetalRoughness.uasset" 746
"../../../Engine/Plugins/Interchange/Assets/Content/gltf/MaterialFunctions/MF_SpecGlossToMetalRoughness.uexp" 747
"../../../Engine/Plugins/Interchange/Assets/Content/gltf/MaterialBodies/MF_SpecularGlossiness_Body.uasset" 748
"../../../Engine/Plugins/Interchange/Assets/Content/gltf/MaterialBodies/MF_SpecularGlossiness_Body.uexp" 749
"../../../Engine/Plugins/Interchange/Assets/Content/gltf/M_SpecularGlossiness.uasset" 750
"../../../Engine/Plugins/Interchange/Assets/Content/gltf/M_SpecularGlossiness.uexp" 751
"../../../Engine/Plugins/Interchange/Assets/Content/gltf/MaterialInstances/MI_SpecularGlossiness_Blend.uasset" 752
"../../../Engine/Plugins/Interchange/Assets/Content/gltf/MaterialInstances/MI_SpecularGlossiness_Blend.uexp" 753
"../../../Engine/Plugins/Interchange/Assets/Content/gltf/MaterialInstances/MI_SpecularGlossiness_Blend_DS.uasset" 754
"../../../Engine/Plugins/Interchange/Assets/Content/gltf/MaterialInstances/MI_SpecularGlossiness_Blend_DS.uexp" 755
"../../../Engine/Plugins/Interchange/Assets/Content/gltf/MaterialInstances/MI_SpecularGlossiness_Mask.uasset" 756
"../../../Engine/Plugins/Interchange/Assets/Content/gltf/MaterialInstances/MI_SpecularGlossiness_Mask.uexp" 757
"../../../Engine/Plugins/Interchange/Assets/Content/gltf/MaterialInstances/MI_SpecularGlossiness_Mask_DS.uasset" 758
"../../../Engine/Plugins/Interchange/Assets/Content/gltf/MaterialInstances/MI_SpecularGlossiness_Mask_DS.uexp" 759
"../../../Engine/Plugins/Interchange/Assets/Content/gltf/MaterialInstances/MI_SpecularGlossiness_Opaque.uasset" 760
"../../../Engine/Plugins/Interchange/Assets/Content/gltf/MaterialInstances/MI_SpecularGlossiness_Opaque.uexp" 761
"../../../Engine/Plugins/Interchange/Assets/Content/gltf/MaterialInstances/MI_SpecularGlossiness_Opaque_DS.uasset" 762
"../../../Engine/Plugins/Interchange/Assets/Content/gltf/MaterialInstances/MI_SpecularGlossiness_Opaque_DS.uexp" 763
"../../../Engine/Content/EngineMaterials/Good64x64TilingNoiseHighFreq.uasset" 764
"../../../Engine/Content/EngineMaterials/Good64x64TilingNoiseHighFreq.uexp" 765
"../../../Engine/Content/Functions/Engine_MaterialFunctions02/Texturing/ScreenAlignedPixelToPixelUVs.uasset" 766
"../../../Engine/Content/Functions/Engine_MaterialFunctions02/Texturing/ScreenAlignedPixelToPixelUVs.uexp" 767
"../../../Engine/Plugins/Interchange/Assets/Content/gltf/MaterialFunctions/MF_Fresnel_DS.uasset" 768
"../../../Engine/Plugins/Interchange/Assets/Content/gltf/MaterialFunctions/MF_Fresnel_DS.uexp" 769
"../../../Engine/Plugins/Interchange/Assets/Content/gltf/MaterialFunctions/MF_Temporal_Blur.uasset" 770
"../../../Engine/Plugins/Interchange/Assets/Content/gltf/MaterialFunctions/MF_Temporal_Blur.uexp" 771
"../../../Engine/Plugins/Interchange/Assets/Content/gltf/MaterialFunctions/MF_Transmission.uasset" 772
"../../../Engine/Plugins/Interchange/Assets/Content/gltf/MaterialFunctions/MF_Transmission.uexp" 773
"../../../Engine/Plugins/Interchange/Assets/Content/gltf/MaterialBodies/MF_Transmission_Body.uasset" 774
"../../../Engine/Plugins/Interchange/Assets/Content/gltf/MaterialBodies/MF_Transmission_Body.uexp" 775
"../../../Engine/Plugins/Interchange/Assets/Content/gltf/M_Transmission.uasset" 776
"../../../Engine/Plugins/Interchange/Assets/Content/gltf/M_Transmission.uexp" 777
"../../../Engine/Plugins/Interchange/Assets/Content/gltf/MaterialInstances/MI_Transmission.uasset" 778
"../../../Engine/Plugins/Interchange/Assets/Content/gltf/MaterialInstances/MI_Transmission.uexp" 779
"../../../Engine/Plugins/Interchange/Assets/Content/gltf/MaterialInstances/MI_Transmission_DS.uasset" 780
"../../../Engine/Plugins/Interchange/Assets/Content/gltf/MaterialInstances/MI_Transmission_DS.uexp" 781
"../../../Engine/Plugins/Interchange/Assets/Content/gltf/MaterialBodies/MF_Unlit_Body.uasset" 782
"../../../Engine/Plugins/Interchange/Assets/Content/gltf/MaterialBodies/MF_Unlit_Body.uexp" 783
"../../../Engine/Plugins/Interchange/Assets/Content/gltf/M_Unlit.uasset" 784
"../../../Engine/Plugins/Interchange/Assets/Content/gltf/M_Unlit.uexp" 785
"../../../Engine/Plugins/Interchange/Assets/Content/gltf/MaterialInstances/MI_Unlit_Blend.uasset" 786
"../../../Engine/Plugins/Interchange/Assets/Content/gltf/MaterialInstances/MI_Unlit_Blend.uexp" 787
"../../../Engine/Plugins/Interchange/Assets/Content/gltf/MaterialInstances/MI_Unlit_Blend_DS.uasset" 788
"../../../Engine/Plugins/Interchange/Assets/Content/gltf/MaterialInstances/MI_Unlit_Blend_DS.uexp" 789
"../../../Engine/Plugins/Interchange/Assets/Content/gltf/MaterialInstances/MI_Unlit_Mask.uasset" 790
"../../../Engine/Plugins/Interchange/Assets/Content/gltf/MaterialInstances/MI_Unlit_Mask.uexp" 791
"../../../Engine/Plugins/Interchange/Assets/Content/gltf/MaterialInstances/MI_Unlit_Mask_DS.uasset" 792
"../../../Engine/Plugins/Interchange/Assets/Content/gltf/MaterialInstances/MI_Unlit_Mask_DS.uexp" 793
"../../../Engine/Plugins/Interchange/Assets/Content/gltf/MaterialInstances/MI_Unlit_Opaque.uasset" 794
"../../../Engine/Plugins/Interchange/Assets/Content/gltf/MaterialInstances/MI_Unlit_Opaque.uexp" 795
"../../../Engine/Plugins/Interchange/Assets/Content/gltf/MaterialInstances/MI_Unlit_Opaque_DS.uasset" 796
"../../../Engine/Plugins/Interchange/Assets/Content/gltf/MaterialInstances/MI_Unlit_Opaque_DS.uexp" 797
"../../../Engine/Content/EditorLandscapeResources/ColorMaskBrushMaterial.uasset" 798
"../../../Engine/Content/EditorLandscapeResources/ColorMaskBrushMaterial.uexp" 799
"../../../Engine/Content/EditorLandscapeResources/ColorMaskBrushMaterial_MaskedRegion.uasset" 800
"../../../Engine/Content/EditorLandscapeResources/ColorMaskBrushMaterial_MaskedRegion.uexp" 801
"../../../Engine/Content/Functions/Engine_MaterialFunctions03/Math/WithinRangeFloat2.uasset" 802
"../../../Engine/Content/Functions/Engine_MaterialFunctions03/Math/WithinRangeFloat2.uexp" 803
"../../../Engine/Content/EditorLandscapeResources/MaskBrushMaterial.uasset" 804
"../../../Engine/Content/EditorLandscapeResources/MaskBrushMaterial.uexp" 805
"../../../Engine/Content/EditorLandscapeResources/MaskBrushMaterial_MaskedRegion.uasset" 806
"../../../Engine/Content/EditorLandscapeResources/MaskBrushMaterial_MaskedRegion.uexp" 807
"../../../Engine/Content/EditorLandscapeResources/SelectBrushMaterial.uasset" 808
"../../../Engine/Content/EditorLandscapeResources/SelectBrushMaterial.uexp" 809
"../../../Engine/Content/EditorLandscapeResources/SelectBrushMaterial_Selected.uasset" 810
"../../../Engine/Content/EditorLandscapeResources/SelectBrushMaterial_Selected.uexp" 811
"../../../Engine/Content/EditorLandscapeResources/SelectBrushMaterial_SelectedRegion.uasset" 812
"../../../Engine/Content/EditorLandscapeResources/SelectBrushMaterial_SelectedRegion.uexp" 813
"../../../Engine/Content/EngineMaterials/WeightMapPlaceholderTexture.uasset" 814
"../../../Engine/Content/EngineMaterials/WeightMapPlaceholderTexture.uexp" 815
"../../../Engine/Content/EngineMaterials/WeightMapArrayPlaceholderTexture.uasset" 816
"../../../Engine/Content/EngineMaterials/WeightMapArrayPlaceholderTexture.uexp" 817
"../../../Engine/Content/EngineResources/WhiteSquareTexture.uasset" 818
"../../../Engine/Content/EngineResources/WhiteSquareTexture.uexp" 819
"../../../Engine/Content/EngineMaterials/Widget3DPassThrough.uasset" 820
"../../../Engine/Content/EngineMaterials/Widget3DPassThrough.uexp" 821
"../../../Engine/Content/EngineMaterials/Widget3DPassThrough_Masked.uasset" 822
"../../../Engine/Content/EngineMaterials/Widget3DPassThrough_Masked.uexp" 823
"../../../Engine/Content/EngineMaterials/Widget3DPassThrough_Opaque.uasset" 824
"../../../Engine/Content/EngineMaterials/Widget3DPassThrough_Opaque.uexp" 825
"../../../Engine/Content/EngineMaterials/Widget3DPassThrough_Masked_OneSided.uasset" 826
"../../../Engine/Content/EngineMaterials/Widget3DPassThrough_Masked_OneSided.uexp" 827
"../../../Engine/Content/EngineMaterials/Widget3DPassThrough_Opaque_OneSided.uasset" 828
"../../../Engine/Content/EngineMaterials/Widget3DPassThrough_Opaque_OneSided.uexp" 829
"../../../Engine/Content/EngineMaterials/Widget3DPassThrough_Translucent.uasset" 830
"../../../Engine/Content/EngineMaterials/Widget3DPassThrough_Translucent.uexp" 831
"../../../Engine/Content/EngineMaterials/Widget3DPassThrough_Translucent_OneSided.uasset" 832
"../../../Engine/Content/EngineMaterials/Widget3DPassThrough_Translucent_OneSided.uexp" 833
"../../../Engine/Plugins/2D/Paper2D/Content/DefaultSpriteMaterial.uasset" 834
"../../../Engine/Plugins/2D/Paper2D/Content/DefaultSpriteMaterial.uexp" 835
"../../../Engine/Plugins/2D/Paper2D/Content/MaskedUnlitSpriteMaterial.uasset" 836
"../../../Engine/Plugins/2D/Paper2D/Content/MaskedUnlitSpriteMaterial.uexp" 837
"../../../Engine/Plugins/2D/Paper2D/Content/OpaqueUnlitSpriteMaterial.uasset" 838
"../../../Engine/Plugins/2D/Paper2D/Content/OpaqueUnlitSpriteMaterial.uexp" 839
"../../../Engine/Plugins/NNE/NNEDenoiser/Content/NNE_oidn2-3-0_rt_hdr_calb_cnrm_large__dyn__fp16_opset11_ForwardAlpha.uasset" 840
"../../../Engine/Plugins/NNE/NNEDenoiser/Content/NNE_oidn2-3-0_rt_hdr_calb_cnrm_large__dyn__fp16_opset11_ForwardAlpha.uexp" 841
"../../../Engine/Plugins/NNE/NNEDenoiser/Content/NNE_oidn2-3-0_rt_hdr_calb_cnrm_large__dyn__fp16_opset11_DenoiseAlpha.uasset" 842
"../../../Engine/Plugins/NNE/NNEDenoiser/Content/NNE_oidn2-3-0_rt_hdr_calb_cnrm_large__dyn__fp16_opset11_DenoiseAlpha.uexp" 843
"../../../Engine/Plugins/NNE/NNEDenoiser/Content/NNE_oidn2-3-0_rt_hdr_alb_nrm__dyn__fp16_opset11_ForwardAlpha.uasset" 844
"../../../Engine/Plugins/NNE/NNEDenoiser/Content/NNE_oidn2-3-0_rt_hdr_alb_nrm__dyn__fp16_opset11_ForwardAlpha.uexp" 845
"../../../Engine/Plugins/NNE/NNEDenoiser/Content/NNE_oidn2-3-0_rt_hdr_alb_nrm__dyn__fp16_opset11_DenoiseAlpha.uasset" 846
"../../../Engine/Plugins/NNE/NNEDenoiser/Content/NNE_oidn2-3-0_rt_hdr_alb_nrm__dyn__fp16_opset11_DenoiseAlpha.uexp" 847
"../../../Engine/Plugins/NNE/NNEDenoiser/Content/NNE_oidn2-3-0_rt_hdr_alb_nrm_small__dyn__fp16_opset11_ForwardAlpha.uasset" 848
"../../../Engine/Plugins/NNE/NNEDenoiser/Content/NNE_oidn2-3-0_rt_hdr_alb_nrm_small__dyn__fp16_opset11_ForwardAlpha.uexp" 849
"../../../Engine/Plugins/NNE/NNEDenoiser/Content/NNE_oidn2-3-0_rt_hdr_alb_nrm_small__dyn__fp16_opset11_DenoiseAlpha.uasset" 850
"../../../Engine/Plugins/NNE/NNEDenoiser/Content/NNE_oidn2-3-0_rt_hdr_alb_nrm_small__dyn__fp16_opset11_DenoiseAlpha.uexp" 851
"../../../Engine/Plugins/NNE/NNEDenoiser/Content/NNED_Oidn2-3_HighQuality_Alpha.uasset" 852
"../../../Engine/Plugins/NNE/NNEDenoiser/Content/NNED_Oidn2-3_HighQuality_Alpha.uexp" 853
"../../../Engine/Plugins/NNE/NNEDenoiser/Content/NNED_Oidn2-3_HighQuality.uasset" 854
"../../../Engine/Plugins/NNE/NNEDenoiser/Content/NNED_Oidn2-3_HighQuality.uexp" 855
"../../../Engine/Plugins/NNE/NNEDenoiser/Content/NNED_Oidn2-3_Fast_Alpha.uasset" 856
"../../../Engine/Plugins/NNE/NNEDenoiser/Content/NNED_Oidn2-3_Fast_Alpha.uexp" 857
"../../../Engine/Plugins/NNE/NNEDenoiser/Content/NNED_Oidn2-3_Fast.uasset" 858
"../../../Engine/Plugins/NNE/NNEDenoiser/Content/NNED_Oidn2-3_Fast.uexp" 859
"../../../Engine/Plugins/NNE/NNEDenoiser/Content/NNED_Oidn2-3_Balanced_Alpha.uasset" 860
"../../../Engine/Plugins/NNE/NNEDenoiser/Content/NNED_Oidn2-3_Balanced_Alpha.uexp" 861
"../../../Engine/Plugins/NNE/NNEDenoiser/Content/NNED_Oidn2-3_Balanced.uasset" 862
"../../../Engine/Plugins/NNE/NNEDenoiser/Content/NNED_Oidn2-3_Balanced.uexp" 863
"../../../Engine/Plugins/NNE/NNEDenoiser/Content/NNEDT_Oidn2-3_Balanced_Alpha.uasset" 864
"../../../Engine/Plugins/NNE/NNEDenoiser/Content/NNEDT_Oidn2-3_Balanced_Alpha.uexp" 865
"../../../Engine/Plugins/NNE/NNEDenoiser/Content/NNEDT_Oidn2-3_Balanced.uasset" 866
"../../../Engine/Plugins/NNE/NNEDenoiser/Content/NNEDT_Oidn2-3_Balanced.uexp" 867
"../../../Engine/Plugins/Animation/DeformerGraph/Content/DeformerFunctions/DG_Function_LinearBlendSkin_Morph_Cloth_PositionOnly.uasset" 868
"../../../Engine/Plugins/Animation/DeformerGraph/Content/DeformerFunctions/DG_Function_LinearBlendSkin_Morph_Cloth_PositionOnly.uexp" 869
"../../../Engine/Plugins/Animation/DeformerGraph/Content/DeformerFunctions/DG_Function_ComputeNormalsTangents.uasset" 870
"../../../Engine/Plugins/Animation/DeformerGraph/Content/DeformerFunctions/DG_Function_ComputeNormalsTangents.uexp" 871
"../../../Engine/Plugins/Animation/DeformerGraph/Content/Deformers/DG_LinearBlendSkin_Morph_Cloth_RecomputeNormals.uasset" 872
"../../../Engine/Plugins/Animation/DeformerGraph/Content/Deformers/DG_LinearBlendSkin_Morph_Cloth_RecomputeNormals.uexp" 873
"../../../Engine/Plugins/Animation/DeformerGraph/Content/DeformerFunctions/DG_Function_LinearBlendSkin_Morph_Cloth.uasset" 874
"../../../Engine/Plugins/Animation/DeformerGraph/Content/DeformerFunctions/DG_Function_LinearBlendSkin_Morph_Cloth.uexp" 875
"../../../Engine/Plugins/Animation/DeformerGraph/Content/Deformers/DG_LinearBlendSkin_Morph_Cloth.uasset" 876
"../../../Engine/Plugins/Animation/DeformerGraph/Content/Deformers/DG_LinearBlendSkin_Morph_Cloth.uexp" 877
"../../../Engine/Content/VREditor/Sounds/UI/Drop_Item_From_ContentBrowser.ubulk" 878
"../../../Engine/Content/VREditor/Sounds/UI/Drop_Item_From_ContentBrowser.uasset" 879
"../../../Engine/Content/VREditor/Sounds/UI/Drop_Item_From_ContentBrowser.uexp" 880
"../../../Engine/Content/VREditor/TransformGizmo/TransformGizmoMaterial_Inst.uasset" 881
"../../../Engine/Content/VREditor/TransformGizmo/TransformGizmoMaterial_Inst.uexp" 882
"../../../Engine/Content/VREditor/TransformGizmo/TranslucentTransformGizmoMaterial_Inst.uasset" 883
"../../../Engine/Content/VREditor/TransformGizmo/TranslucentTransformGizmoMaterial_Inst.uexp" 884
"../../../Engine/Content/Functions/Engine_MaterialFunctions02/SplitComponents.uasset" 885
"../../../Engine/Content/Functions/Engine_MaterialFunctions02/SplitComponents.uexp" 886
"../../../Engine/Content/VREditor/SnapGrid/SnapGridMaterial.uasset" 887
"../../../Engine/Content/VREditor/SnapGrid/SnapGridMaterial.uexp" 888
"../../../Engine/Content/VREditor/SnapGrid/SnapGridPlaneMesh.ubulk" 889
"../../../Engine/Content/VREditor/SnapGrid/SnapGridPlaneMesh.uasset" 890
"../../../Engine/Content/VREditor/SnapGrid/SnapGridPlaneMesh.uexp" 891
"../../../Engine/Content/VREditor/Sounds/UI/Gizmo_Handle_Clicked.ubulk" 892
"../../../Engine/Content/VREditor/Sounds/UI/Gizmo_Handle_Clicked.uasset" 893
"../../../Engine/Content/VREditor/Sounds/UI/Gizmo_Handle_Clicked.uexp" 894
"../../../Engine/Content/VREditor/Sounds/UI/Object_PickUp.ubulk" 895
"../../../Engine/Content/VREditor/Sounds/UI/Object_PickUp.uasset" 896
"../../../Engine/Content/VREditor/Sounds/UI/Object_PickUp.uexp" 897
"../../../Engine/Content/VREditor/Sounds/UI/Object_Snaps_To_Another_Actor.ubulk" 898
"../../../Engine/Content/VREditor/Sounds/UI/Object_Snaps_To_Another_Actor.uasset" 899
"../../../Engine/Content/VREditor/Sounds/UI/Object_Snaps_To_Another_Actor.uexp" 900
"../../../Engine/Content/VREditor/Sounds/UI/Object_Snaps_To_Grid.ubulk" 901
"../../../Engine/Content/VREditor/Sounds/UI/Object_Snaps_To_Grid.uasset" 902
"../../../Engine/Content/VREditor/Sounds/UI/Object_Snaps_To_Grid.uexp" 903
"../../../Engine/Content/VREditor/Sounds/UI/Scaling_Down.ubulk" 904
"../../../Engine/Content/VREditor/Sounds/UI/Scaling_Down.uasset" 905
"../../../Engine/Content/VREditor/Sounds/UI/Scaling_Down.uexp" 906
"../../../Engine/Content/VREditor/Sounds/UI/Scaling_Up.ubulk" 907
"../../../Engine/Content/VREditor/Sounds/UI/Scaling_Up.uasset" 908
"../../../Engine/Content/VREditor/Sounds/UI/Scaling_Up.uexp" 909
"../../../Engine/Content/VREditor/Sounds/UI/Selection_Changes.ubulk" 910
"../../../Engine/Content/VREditor/Sounds/UI/Selection_Changes.uasset" 911
"../../../Engine/Content/VREditor/Sounds/UI/Selection_Changes.uexp" 912
"../../../Engine/Content/VREditor/TransformGizmo/PlaneTranslationHandle.ubulk" 913
"../../../Engine/Content/VREditor/TransformGizmo/PlaneTranslationHandle.uasset" 914
"../../../Engine/Content/VREditor/TransformGizmo/PlaneTranslationHandle.uexp" 915
"../../../Engine/Content/VREditor/TransformGizmo/RotationHandleFull.ubulk" 916
"../../../Engine/Content/VREditor/TransformGizmo/RotationHandleFull.uasset" 917
"../../../Engine/Content/VREditor/TransformGizmo/RotationHandleFull.uexp" 918
"../../../Engine/Content/VREditor/TransformGizmo/RotationHandleIndicator.ubulk" 919
"../../../Engine/Content/VREditor/TransformGizmo/RotationHandleIndicator.uasset" 920
"../../../Engine/Content/VREditor/TransformGizmo/RotationHandleIndicator.uexp" 921
"../../../Engine/Content/VREditor/TransformGizmo/RotationHandleQuarter.ubulk" 922
"../../../Engine/Content/VREditor/TransformGizmo/RotationHandleQuarter.uasset" 923
"../../../Engine/Content/VREditor/TransformGizmo/RotationHandleQuarter.uexp" 924
"../../../Engine/Content/VREditor/TransformGizmo/StartRotationHandleIndicator.ubulk" 925
"../../../Engine/Content/VREditor/TransformGizmo/StartRotationHandleIndicator.uasset" 926
"../../../Engine/Content/VREditor/TransformGizmo/StartRotationHandleIndicator.uexp" 927
"../../../Engine/Content/VREditor/TransformGizmo/TransformGizmoFreeRotation.ubulk" 928
"../../../Engine/Content/VREditor/TransformGizmo/TransformGizmoFreeRotation.uasset" 929
"../../../Engine/Content/VREditor/TransformGizmo/TransformGizmoFreeRotation.uexp" 930
"../../../Engine/Content/VREditor/TransformGizmo/TranslateArrowHandle.ubulk" 931
"../../../Engine/Content/VREditor/TransformGizmo/TranslateArrowHandle.uasset" 932
"../../../Engine/Content/VREditor/TransformGizmo/TranslateArrowHandle.uexp" 933
"../../../Engine/Content/VREditor/TransformGizmo/UniformScaleHandle.ubulk" 934
"../../../Engine/Content/VREditor/TransformGizmo/UniformScaleHandle.uasset" 935
"../../../Engine/Content/VREditor/TransformGizmo/UniformScaleHandle.uexp" 936
"../../../Engine/Content/EngineResources/LandscapeVisibilityLayerInfo.uasset" 937
"../../../Engine/Content/EngineResources/LandscapeVisibilityLayerInfo.uexp" 938
"../../../Engine/Content/BasicShapes/Cube.ubulk" 939
"../../../Engine/Content/BasicShapes/Cube.uasset" 940
"../../../Engine/Content/BasicShapes/Cube.uexp" 941
"../../../Engine/Content/BasicShapes/BasicShapeMaterial.uasset" 942
"../../../Engine/Content/BasicShapes/BasicShapeMaterial.uexp" 943
"../../../Engine/Content/MapTemplates/SM_Template_Map_Floor.ubulk" 944
"../../../Engine/Content/MapTemplates/SM_Template_Map_Floor.uasset" 945
"../../../Engine/Content/MapTemplates/SM_Template_Map_Floor.uexp" 946
"../../../Engine/Content/EngineSky/T_Sky_Stars.ubulk" 947
"../../../Engine/Content/EngineSky/T_Sky_Stars.uasset" 948
"../../../Engine/Content/EngineSky/T_Sky_Stars.uexp" 949
"../../../Engine/Content/EngineSky/T_Sky_Clouds_M.ubulk" 950
"../../../Engine/Content/EngineSky/T_Sky_Clouds_M.uasset" 951
"../../../Engine/Content/EngineSky/T_Sky_Clouds_M.uexp" 952
"../../../Engine/Content/EngineSky/T_Sky_Blue.ubulk" 953
"../../../Engine/Content/EngineSky/T_Sky_Blue.uasset" 954
"../../../Engine/Content/EngineSky/T_Sky_Blue.uexp" 955
"../../../Engine/Content/EngineSky/M_Sky_Panning_Clouds2.uasset" 956
"../../../Engine/Content/EngineSky/M_Sky_Panning_Clouds2.uexp" 957
"../../../Engine/Content/EngineSky/SM_SkySphere.ubulk" 958
"../../../Engine/Content/EngineSky/SM_SkySphere.uasset" 959
"../../../Engine/Content/EngineSky/SM_SkySphere.uexp" 960
"../../../Engine/Content/EngineSky/M_SimpleSkyDome.uasset" 961
"../../../Engine/Content/EngineSky/M_SimpleSkyDome.uexp" 962
"../../../Engine/Content/EngineSky/VolumetricClouds/VT_PerlinWorley_Balanced.uasset" 963
"../../../Engine/Content/EngineSky/VolumetricClouds/VT_PerlinWorley_Balanced.uexp" 964
"../../../Engine/Content/EngineSky/VolumetricClouds/T_Profile_08.ubulk" 965
"../../../Engine/Content/EngineSky/VolumetricClouds/T_Profile_08.uasset" 966
"../../../Engine/Content/EngineSky/VolumetricClouds/T_Profile_08.uexp" 967
"../../../Engine/Content/EngineSky/VolumetricClouds/T_CloudPattern.ubulk" 968
"../../../Engine/Content/EngineSky/VolumetricClouds/T_CloudPattern.uasset" 969
"../../../Engine/Content/EngineSky/VolumetricClouds/T_CloudPattern.uexp" 970
"../../../Engine/Content/EngineSky/VolumetricClouds/T_CloudMask.ubulk" 971
"../../../Engine/Content/EngineSky/VolumetricClouds/T_CloudMask.uasset" 972
"../../../Engine/Content/EngineSky/VolumetricClouds/T_CloudMask.uexp" 973
"../../../Engine/Content/Functions/Engine_MaterialFunctions02/Utility/BreakOutFloat4Components.uasset" 974
"../../../Engine/Content/Functions/Engine_MaterialFunctions02/Utility/BreakOutFloat4Components.uexp" 975
"../../../Engine/Content/Functions/Engine_MaterialFunctions02/Utility/MakeFloat4.uasset" 976
"../../../Engine/Content/Functions/Engine_MaterialFunctions02/Utility/MakeFloat4.uexp" 977
"../../../Engine/Content/EngineResources/DefaultVolumeTexture2D.uasset" 978
"../../../Engine/Content/EngineResources/DefaultVolumeTexture2D.uexp" 979
"../../../Engine/Content/EngineResources/DefaultVolumeTexture.uasset" 980
"../../../Engine/Content/EngineResources/DefaultVolumeTexture.uexp" 981
"../../../Engine/Content/EngineSky/VolumetricClouds/VT_Lightning.uasset" 982
"../../../Engine/Content/EngineSky/VolumetricClouds/VT_Lightning.uexp" 983
"../../../Engine/Content/Functions/Engine_MaterialFunctions01/Units/Km-to-Cm.uasset" 984
"../../../Engine/Content/Functions/Engine_MaterialFunctions01/Units/Km-to-Cm.uexp" 985
"../../../Engine/Content/EngineSky/VolumetricClouds/m_SimpleVolumetricCloud.uasset" 986
"../../../Engine/Content/EngineSky/VolumetricClouds/m_SimpleVolumetricCloud.uexp" 987
"../../../Engine/Content/EngineSky/VolumetricClouds/m_SimpleVolumetricCloud_Inst.uasset" 988
"../../../Engine/Content/EngineSky/VolumetricClouds/m_SimpleVolumetricCloud_Inst.uexp" 989
"E:/Documents/GitHub/FYP/Project_IMT/Content/Meshes/KitchenProps/Materials/M_Color.uasset" 990
"E:/Documents/GitHub/FYP/Project_IMT/Content/Meshes/KitchenProps/Materials/M_Color.uexp" 991
"E:/Documents/GitHub/FYP/Project_IMT/Content/Meshes/KitchenProps/Materials/MI_Color_BlueCyprus.uasset" 992
"E:/Documents/GitHub/FYP/Project_IMT/Content/Meshes/KitchenProps/Materials/MI_Color_BlueCyprus.uexp" 993
"E:/Documents/GitHub/FYP/Project_IMT/Content/Meshes/KitchenProps/Materials/MI_Color_BlueBlackPearl.uasset" 994
"E:/Documents/GitHub/FYP/Project_IMT/Content/Meshes/KitchenProps/Materials/MI_Color_BlueBlackPearl.uexp" 995
"E:/Documents/GitHub/FYP/Project_IMT/Content/Meshes/KitchenProps/Models/SM_Cabinet.ubulk" 996
"E:/Documents/GitHub/FYP/Project_IMT/Content/Meshes/KitchenProps/Models/SM_Cabinet.uasset" 997
"E:/Documents/GitHub/FYP/Project_IMT/Content/Meshes/KitchenProps/Models/SM_Cabinet.uexp" 998
"../../../Engine/Content/BasicShapes/Plane.ubulk" 999
"../../../Engine/Content/BasicShapes/Plane.uasset" 1000
"../../../Engine/Content/BasicShapes/Plane.uexp" 1001
"../../../Engine/Plugins/Interchange/Assets/Content/Functions/MF_PhongToMetalRoughness.uasset" 1002
"../../../Engine/Plugins/Interchange/Assets/Content/Functions/MF_PhongToMetalRoughness.uexp" 1003
"E:/Documents/GitHub/FYP/Project_IMT/Content/Meshes/Cigarettes/T_Cigarettes.uasset" 1004
"E:/Documents/GitHub/FYP/Project_IMT/Content/Meshes/Cigarettes/T_Cigarettes.uexp" 1005
"E:/Documents/GitHub/FYP/Project_IMT/Content/Meshes/Cigarettes/M_Cigarettes.uasset" 1006
"E:/Documents/GitHub/FYP/Project_IMT/Content/Meshes/Cigarettes/M_Cigarettes.uexp" 1007
"E:/Documents/GitHub/FYP/Project_IMT/Content/Meshes/Cigarettes/SM_Cigarette.ubulk" 1008
"E:/Documents/GitHub/FYP/Project_IMT/Content/Meshes/Cigarettes/SM_Cigarette.uasset" 1009
"E:/Documents/GitHub/FYP/Project_IMT/Content/Meshes/Cigarettes/SM_Cigarette.uexp" 1010
"../../../Engine/Plugins/FX/Niagara/Content/DefaultAssets/DefaultSpriteMaterial.uasset" 1011
"../../../Engine/Plugins/FX/Niagara/Content/DefaultAssets/DefaultSpriteMaterial.uexp" 1012
"../../../Engine/Plugins/FX/Niagara/Content/VectorFields/Assets/TilingCurl32.uasset" 1013
"../../../Engine/Plugins/FX/Niagara/Content/VectorFields/Assets/TilingCurl32.uexp" 1014
"E:/Documents/GitHub/FYP/Project_IMT/Content/VFX/NS_AssignedTask.uasset" 1015
"E:/Documents/GitHub/FYP/Project_IMT/Content/VFX/NS_AssignedTask.uexp" 1016
"E:/Documents/GitHub/FYP/Project_IMT/Content/Blueprints/E_TaskType.uasset" 1017
"E:/Documents/GitHub/FYP/Project_IMT/Content/Blueprints/E_TaskType.uexp" 1018
"E:/Documents/GitHub/FYP/Project_IMT/Content/Blueprints/E_ResourceType.uasset" 1019
"E:/Documents/GitHub/FYP/Project_IMT/Content/Blueprints/E_ResourceType.uexp" 1020
"E:/Documents/GitHub/FYP/Project_IMT/Content/Blueprints/E_GameOver.uasset" 1021
"E:/Documents/GitHub/FYP/Project_IMT/Content/Blueprints/E_GameOver.uexp" 1022
"E:/Documents/GitHub/FYP/Project_IMT/Content/Blueprints/Interfaces/BPI_ResourceBar.uasset" 1023
"E:/Documents/GitHub/FYP/Project_IMT/Content/Blueprints/Interfaces/BPI_ResourceBar.uexp" 1024
"E:/Documents/GitHub/FYP/Project_IMT/Content/Blueprints/UI/WBP_BarAlertness.uasset" 1025
"E:/Documents/GitHub/FYP/Project_IMT/Content/Blueprints/UI/WBP_BarAlertness.uexp" 1026
"E:/Documents/GitHub/FYP/Project_IMT/Content/Blueprints/UI/WBP_BarStress.uasset" 1027
"E:/Documents/GitHub/FYP/Project_IMT/Content/Blueprints/UI/WBP_BarStress.uexp" 1028
"E:/Documents/GitHub/FYP/Project_IMT/Content/Blueprints/UI/WBP_BarShortcomings.uasset" 1029
"E:/Documents/GitHub/FYP/Project_IMT/Content/Blueprints/UI/WBP_BarShortcomings.uexp" 1030
"E:/Documents/GitHub/FYP/Project_IMT/Content/Blueprints/UI/WBP_TaskName.uasset" 1031
"E:/Documents/GitHub/FYP/Project_IMT/Content/Blueprints/UI/WBP_TaskName.uexp" 1032
"E:/Documents/GitHub/FYP/Project_IMT/Content/Blueprints/UI/WBP_TaskList.uasset" 1033
"E:/Documents/GitHub/FYP/Project_IMT/Content/Blueprints/UI/WBP_TaskList.uexp" 1034
"E:/Documents/GitHub/FYP/Project_IMT/Content/Blueprints/Input/Actions/IA_QTE.uasset" 1035
"E:/Documents/GitHub/FYP/Project_IMT/Content/Blueprints/Input/Actions/IA_QTE.uexp" 1036
"E:/Documents/GitHub/FYP/Project_IMT/Content/Blueprints/Input/Actions/IA_Hold.uasset" 1037
"E:/Documents/GitHub/FYP/Project_IMT/Content/Blueprints/Input/Actions/IA_Hold.uexp" 1038
"E:/Documents/GitHub/FYP/Project_IMT/Content/Blueprints/Input/Actions/IA_FillProgress.uasset" 1039
"E:/Documents/GitHub/FYP/Project_IMT/Content/Blueprints/Input/Actions/IA_FillProgress.uexp" 1040
"E:/Documents/GitHub/FYP/Project_IMT/Content/Blueprints/Input/Actions/IA_LMB.uasset" 1041
"E:/Documents/GitHub/FYP/Project_IMT/Content/Blueprints/Input/Actions/IA_LMB.uexp" 1042
"E:/Documents/GitHub/FYP/Project_IMT/Content/Blueprints/Input/IMC_TaskInteraction.uasset" 1043
"E:/Documents/GitHub/FYP/Project_IMT/Content/Blueprints/Input/IMC_TaskInteraction.uexp" 1044
"E:/Documents/GitHub/FYP/Project_IMT/Content/Blueprints/Input/Actions/IA_MouseLook.uasset" 1045
"E:/Documents/GitHub/FYP/Project_IMT/Content/Blueprints/Input/Actions/IA_MouseLook.uexp" 1046
"E:/Documents/GitHub/FYP/Project_IMT/Content/Blueprints/Input/IMC_MouseLook.uasset" 1047
"E:/Documents/GitHub/FYP/Project_IMT/Content/Blueprints/Input/IMC_MouseLook.uexp" 1048
"E:/Documents/GitHub/FYP/Project_IMT/Content/Blueprints/Input/Actions/IA_Jump.uasset" 1049
"E:/Documents/GitHub/FYP/Project_IMT/Content/Blueprints/Input/Actions/IA_Jump.uexp" 1050
"E:/Documents/GitHub/FYP/Project_IMT/Content/Blueprints/Input/Actions/IA_Look.uasset" 1051
"E:/Documents/GitHub/FYP/Project_IMT/Content/Blueprints/Input/Actions/IA_Look.uexp" 1052
"E:/Documents/GitHub/FYP/Project_IMT/Content/Blueprints/Input/Actions/IA_Move.uasset" 1053
"E:/Documents/GitHub/FYP/Project_IMT/Content/Blueprints/Input/Actions/IA_Move.uexp" 1054
"E:/Documents/GitHub/FYP/Project_IMT/Content/Blueprints/Input/Actions/IA_Interact.uasset" 1055
"E:/Documents/GitHub/FYP/Project_IMT/Content/Blueprints/Input/Actions/IA_Interact.uexp" 1056
"E:/Documents/GitHub/FYP/Project_IMT/Content/Blueprints/Input/IMC_Default.uasset" 1057
"E:/Documents/GitHub/FYP/Project_IMT/Content/Blueprints/Input/IMC_Default.uexp" 1058
"E:/Documents/GitHub/FYP/Project_IMT/Content/Blueprints/Input/BFL_Input.uasset" 1059
"E:/Documents/GitHub/FYP/Project_IMT/Content/Blueprints/Input/BFL_Input.uexp" 1060
"E:/Documents/GitHub/FYP/Project_IMT/Content/Blueprints/Interfaces/BPI_GameModeComms.uasset" 1061
"E:/Documents/GitHub/FYP/Project_IMT/Content/Blueprints/Interfaces/BPI_GameModeComms.uexp" 1062
"E:/Documents/GitHub/FYP/Project_IMT/Content/Blueprints/UI/WBP_DayTimer.uasset" 1063
"E:/Documents/GitHub/FYP/Project_IMT/Content/Blueprints/UI/WBP_DayTimer.uexp" 1064
"E:/Documents/GitHub/FYP/Project_IMT/Content/Blueprints/Interfaces/BPI_Status.uasset" 1065
"E:/Documents/GitHub/FYP/Project_IMT/Content/Blueprints/Interfaces/BPI_Status.uexp" 1066
"E:/Documents/GitHub/FYP/Project_IMT/Content/Characters/Mannequins/Meshes/SK_Mannequin.uasset" 1067
"E:/Documents/GitHub/FYP/Project_IMT/Content/Characters/Mannequins/Meshes/SK_Mannequin.uexp" 1068
"E:/Documents/GitHub/FYP/Project_IMT/Content/Characters/Mannequins/Rigs/PA_Mannequin.uasset" 1069
"E:/Documents/GitHub/FYP/Project_IMT/Content/Characters/Mannequins/Rigs/PA_Mannequin.uexp" 1070
"E:/Documents/GitHub/FYP/Project_IMT/Content/Characters/Mannequins/Textures/Manny/T_Manny_02_MRA.ubulk" 1071
"E:/Documents/GitHub/FYP/Project_IMT/Content/Characters/Mannequins/Textures/Manny/T_Manny_02_MRA.uasset" 1072
"E:/Documents/GitHub/FYP/Project_IMT/Content/Characters/Mannequins/Textures/Manny/T_Manny_02_MRA.uexp" 1073
"E:/Documents/GitHub/FYP/Project_IMT/Content/Characters/Mannequins/Textures/Manny/T_Manny_02_D.ubulk" 1074
"E:/Documents/GitHub/FYP/Project_IMT/Content/Characters/Mannequins/Textures/Manny/T_Manny_02_D.uasset" 1075
"E:/Documents/GitHub/FYP/Project_IMT/Content/Characters/Mannequins/Textures/Manny/T_Manny_02_D.uexp" 1076
"E:/Documents/GitHub/FYP/Project_IMT/Content/Characters/Mannequins/Textures/Manny/T_Manny_02_BN.ubulk" 1077
"E:/Documents/GitHub/FYP/Project_IMT/Content/Characters/Mannequins/Textures/Manny/T_Manny_02_BN.uasset" 1078
"E:/Documents/GitHub/FYP/Project_IMT/Content/Characters/Mannequins/Textures/Manny/T_Manny_02_BN.uexp" 1079
"E:/Documents/GitHub/FYP/Project_IMT/Content/Characters/Mannequins/Textures/Manny/T_Manny_01_MRA.ubulk" 1080
"E:/Documents/GitHub/FYP/Project_IMT/Content/Characters/Mannequins/Textures/Manny/T_Manny_01_MRA.uasset" 1081
"E:/Documents/GitHub/FYP/Project_IMT/Content/Characters/Mannequins/Textures/Manny/T_Manny_01_MRA.uexp" 1082
"E:/Documents/GitHub/FYP/Project_IMT/Content/Characters/Mannequins/Textures/Manny/T_Manny_01_D.ubulk" 1083
"E:/Documents/GitHub/FYP/Project_IMT/Content/Characters/Mannequins/Textures/Manny/T_Manny_01_D.uasset" 1084
"E:/Documents/GitHub/FYP/Project_IMT/Content/Characters/Mannequins/Textures/Manny/T_Manny_01_D.uexp" 1085
"E:/Documents/GitHub/FYP/Project_IMT/Content/Characters/Mannequins/Textures/Manny/T_Manny_01_BN.ubulk" 1086
"E:/Documents/GitHub/FYP/Project_IMT/Content/Characters/Mannequins/Textures/Manny/T_Manny_01_BN.uasset" 1087
"E:/Documents/GitHub/FYP/Project_IMT/Content/Characters/Mannequins/Textures/Manny/T_Manny_01_BN.uexp" 1088
"E:/Documents/GitHub/FYP/Project_IMT/Content/Characters/Mannequins/Textures/Shared/T_UE_Logo_M.uasset" 1089
"E:/Documents/GitHub/FYP/Project_IMT/Content/Characters/Mannequins/Textures/Shared/T_UE_Logo_M.uexp" 1090
"E:/Documents/GitHub/FYP/Project_IMT/Content/Characters/Mannequins/Materials/M_Mannequin.uasset" 1091
"E:/Documents/GitHub/FYP/Project_IMT/Content/Characters/Mannequins/Materials/M_Mannequin.uexp" 1092
"E:/Documents/GitHub/FYP/Project_IMT/Content/Characters/Mannequins/Materials/Manny/MI_Manny_01_New.uasset" 1093
"E:/Documents/GitHub/FYP/Project_IMT/Content/Characters/Mannequins/Materials/Manny/MI_Manny_01_New.uexp" 1094
"E:/Documents/GitHub/FYP/Project_IMT/Content/Characters/Mannequins/Materials/Manny/MI_Manny_02_New.uasset" 1095
"E:/Documents/GitHub/FYP/Project_IMT/Content/Characters/Mannequins/Materials/Manny/MI_Manny_02_New.uexp" 1096
"E:/Documents/GitHub/FYP/Project_IMT/Content/Characters/Mannequins/Meshes/SKM_Manny_Simple.uasset" 1097
"E:/Documents/GitHub/FYP/Project_IMT/Content/Characters/Mannequins/Meshes/SKM_Manny_Simple.uexp" 1098
"../../../Engine/Plugins/Animation/ControlRig/Content/Controls/DefaultGizmoLibraryNormalized.uasset" 1099
"../../../Engine/Plugins/Animation/ControlRig/Content/Controls/DefaultGizmoLibraryNormalized.uexp" 1100
"E:/Documents/GitHub/FYP/Project_IMT/Content/FirstPerson/Anims/CtrlRig_FPWarp.uasset" 1101
"E:/Documents/GitHub/FYP/Project_IMT/Content/FirstPerson/Anims/CtrlRig_FPWarp.uexp" 1102
"E:/Documents/GitHub/FYP/Project_IMT/Content/FirstPerson/Anims/ABP_FP_Copy.uasset" 1103
"E:/Documents/GitHub/FYP/Project_IMT/Content/FirstPerson/Anims/ABP_FP_Copy.uexp" 1104
"E:/Documents/GitHub/FYP/Project_IMT/Content/Characters/Mannequins/Rigs/CR_Mannequin_FootIK.uasset" 1105
"E:/Documents/GitHub/FYP/Project_IMT/Content/Characters/Mannequins/Rigs/CR_Mannequin_FootIK.uexp" 1106
"../../../Engine/Content/Animation/DefaultVariableFrameStrippingSettings.uasset" 1107
"../../../Engine/Content/Animation/DefaultVariableFrameStrippingSettings.uexp" 1108
"../../../Engine/Content/Animation/DefaultAnimCurveCompressionSettings.uasset" 1109
"../../../Engine/Content/Animation/DefaultAnimCurveCompressionSettings.uexp" 1110
"../../../Engine/Content/Animation/DefaultAnimBoneCompressionSettings.uasset" 1111
"../../../Engine/Content/Animation/DefaultAnimBoneCompressionSettings.uexp" 1112
"E:/Documents/GitHub/FYP/Project_IMT/Content/Characters/Mannequins/Anims/Unarmed/MM_Idle.uasset" 1113
"E:/Documents/GitHub/FYP/Project_IMT/Content/Characters/Mannequins/Anims/Unarmed/MM_Idle.uexp" 1114
"E:/Documents/GitHub/FYP/Project_IMT/Content/Characters/Mannequins/Anims/Unarmed/Jog/MF_Unarmed_Jog_Bwd.uasset" 1115
"E:/Documents/GitHub/FYP/Project_IMT/Content/Characters/Mannequins/Anims/Unarmed/Jog/MF_Unarmed_Jog_Bwd.uexp" 1116
"../../../Engine/Plugins/Animation/ACLPlugin/Content/ACLAnimCurveCompressionSettings.uasset" 1117
"../../../Engine/Plugins/Animation/ACLPlugin/Content/ACLAnimCurveCompressionSettings.uexp" 1118
"../../../Engine/Content/Animation/DefaultRecorderBoneCompression.uasset" 1119
"../../../Engine/Content/Animation/DefaultRecorderBoneCompression.uexp" 1120
"E:/Documents/GitHub/FYP/Project_IMT/Content/Characters/Mannequins/Anims/Unarmed/Jog/MF_Unarmed_Jog_Bwd_Left.uasset" 1121
"E:/Documents/GitHub/FYP/Project_IMT/Content/Characters/Mannequins/Anims/Unarmed/Jog/MF_Unarmed_Jog_Bwd_Left.uexp" 1122
"E:/Documents/GitHub/FYP/Project_IMT/Content/Characters/Mannequins/Anims/Unarmed/Jog/MF_Unarmed_Jog_Bwd_Right.uasset" 1123
"E:/Documents/GitHub/FYP/Project_IMT/Content/Characters/Mannequins/Anims/Unarmed/Jog/MF_Unarmed_Jog_Bwd_Right.uexp" 1124
"E:/Documents/GitHub/FYP/Project_IMT/Content/Characters/Mannequins/Anims/Unarmed/Jog/MF_Unarmed_Jog_Fwd.uasset" 1125
"E:/Documents/GitHub/FYP/Project_IMT/Content/Characters/Mannequins/Anims/Unarmed/Jog/MF_Unarmed_Jog_Fwd.uexp" 1126
"E:/Documents/GitHub/FYP/Project_IMT/Content/Characters/Mannequins/Anims/Unarmed/Jog/MF_Unarmed_Jog_Fwd_Left.uasset" 1127
"E:/Documents/GitHub/FYP/Project_IMT/Content/Characters/Mannequins/Anims/Unarmed/Jog/MF_Unarmed_Jog_Fwd_Left.uexp" 1128
"E:/Documents/GitHub/FYP/Project_IMT/Content/Characters/Mannequins/Anims/Unarmed/Jog/MF_Unarmed_Jog_Fwd_Right.uasset" 1129
"E:/Documents/GitHub/FYP/Project_IMT/Content/Characters/Mannequins/Anims/Unarmed/Jog/MF_Unarmed_Jog_Fwd_Right.uexp" 1130
"E:/Documents/GitHub/FYP/Project_IMT/Content/Characters/Mannequins/Anims/Unarmed/Jog/MF_Unarmed_Jog_Left.uasset" 1131
"E:/Documents/GitHub/FYP/Project_IMT/Content/Characters/Mannequins/Anims/Unarmed/Jog/MF_Unarmed_Jog_Left.uexp" 1132
"E:/Documents/GitHub/FYP/Project_IMT/Content/Characters/Mannequins/Anims/Unarmed/Jog/MF_Unarmed_Jog_Right.uasset" 1133
"E:/Documents/GitHub/FYP/Project_IMT/Content/Characters/Mannequins/Anims/Unarmed/Jog/MF_Unarmed_Jog_Right.uexp" 1134
"E:/Documents/GitHub/FYP/Project_IMT/Content/Characters/Mannequins/Anims/Unarmed/Walk/MF_Unarmed_Walk_Bwd.uasset" 1135
"E:/Documents/GitHub/FYP/Project_IMT/Content/Characters/Mannequins/Anims/Unarmed/Walk/MF_Unarmed_Walk_Bwd.uexp" 1136
"E:/Documents/GitHub/FYP/Project_IMT/Content/Characters/Mannequins/Anims/Unarmed/Walk/MF_Unarmed_Walk_Bwd_Left.uasset" 1137
"E:/Documents/GitHub/FYP/Project_IMT/Content/Characters/Mannequins/Anims/Unarmed/Walk/MF_Unarmed_Walk_Bwd_Left.uexp" 1138
"E:/Documents/GitHub/FYP/Project_IMT/Content/Characters/Mannequins/Anims/Unarmed/Walk/MF_Unarmed_Walk_Bwd_Right.uasset" 1139
"E:/Documents/GitHub/FYP/Project_IMT/Content/Characters/Mannequins/Anims/Unarmed/Walk/MF_Unarmed_Walk_Bwd_Right.uexp" 1140
"E:/Documents/GitHub/FYP/Project_IMT/Content/Characters/Mannequins/Anims/Unarmed/Walk/MF_Unarmed_Walk_Fwd.uasset" 1141
"E:/Documents/GitHub/FYP/Project_IMT/Content/Characters/Mannequins/Anims/Unarmed/Walk/MF_Unarmed_Walk_Fwd.uexp" 1142
"E:/Documents/GitHub/FYP/Project_IMT/Content/Characters/Mannequins/Anims/Unarmed/Walk/MF_Unarmed_Walk_Fwd_Left.uasset" 1143
"E:/Documents/GitHub/FYP/Project_IMT/Content/Characters/Mannequins/Anims/Unarmed/Walk/MF_Unarmed_Walk_Fwd_Left.uexp" 1144
"E:/Documents/GitHub/FYP/Project_IMT/Content/Characters/Mannequins/Anims/Unarmed/Walk/MF_Unarmed_Walk_Fwd_Right.uasset" 1145
"E:/Documents/GitHub/FYP/Project_IMT/Content/Characters/Mannequins/Anims/Unarmed/Walk/MF_Unarmed_Walk_Fwd_Right.uexp" 1146
"E:/Documents/GitHub/FYP/Project_IMT/Content/Characters/Mannequins/Anims/Unarmed/Walk/MF_Unarmed_Walk_Left.uasset" 1147
"E:/Documents/GitHub/FYP/Project_IMT/Content/Characters/Mannequins/Anims/Unarmed/Walk/MF_Unarmed_Walk_Left.uexp" 1148
"E:/Documents/GitHub/FYP/Project_IMT/Content/Characters/Mannequins/Anims/Unarmed/Walk/MF_Unarmed_Walk_Right.uasset" 1149
"E:/Documents/GitHub/FYP/Project_IMT/Content/Characters/Mannequins/Anims/Unarmed/Walk/MF_Unarmed_Walk_Right.uexp" 1150
"E:/Documents/GitHub/FYP/Project_IMT/Content/Characters/Mannequins/Anims/Unarmed/BS_Idle_Walk_Run.uasset" 1151
"E:/Documents/GitHub/FYP/Project_IMT/Content/Characters/Mannequins/Anims/Unarmed/BS_Idle_Walk_Run.uexp" 1152
"E:/Documents/GitHub/FYP/Project_IMT/Content/Characters/Mannequins/Anims/Unarmed/Jump/MM_Fall_Loop.uasset" 1153
"E:/Documents/GitHub/FYP/Project_IMT/Content/Characters/Mannequins/Anims/Unarmed/Jump/MM_Fall_Loop.uexp" 1154
"E:/Documents/GitHub/FYP/Project_IMT/Content/Characters/Mannequins/Anims/Unarmed/Jump/MM_Jump.uasset" 1155
"E:/Documents/GitHub/FYP/Project_IMT/Content/Characters/Mannequins/Anims/Unarmed/Jump/MM_Jump.uexp" 1156
"E:/Documents/GitHub/FYP/Project_IMT/Content/Characters/Mannequins/Anims/Unarmed/Jump/MM_Land.uasset" 1157
"E:/Documents/GitHub/FYP/Project_IMT/Content/Characters/Mannequins/Anims/Unarmed/Jump/MM_Land.uexp" 1158
"E:/Documents/GitHub/FYP/Project_IMT/Content/Characters/Mannequins/Anims/Unarmed/ABP_Unarmed.uasset" 1159
"E:/Documents/GitHub/FYP/Project_IMT/Content/Characters/Mannequins/Anims/Unarmed/ABP_Unarmed.uexp" 1160
"E:/Documents/GitHub/FYP/Project_IMT/Content/Blueprints/Interfaces/BPI_ActorInteract.uasset" 1161
"E:/Documents/GitHub/FYP/Project_IMT/Content/Blueprints/Interfaces/BPI_ActorInteract.uexp" 1162
"E:/Documents/GitHub/FYP/Project_IMT/Content/Blueprints/Interfaces/BPI_TaskObject.uasset" 1163
"E:/Documents/GitHub/FYP/Project_IMT/Content/Blueprints/Interfaces/BPI_TaskObject.uexp" 1164
"E:/Documents/GitHub/FYP/Project_IMT/Content/Blueprints/Char_FirstPerson/BP_FirstPersonCharacter.uasset" 1165
"E:/Documents/GitHub/FYP/Project_IMT/Content/Blueprints/Char_FirstPerson/BP_FirstPersonCharacter.uexp" 1166
"E:/Documents/GitHub/FYP/Project_IMT/Content/Blueprints/Char_FirstPerson/BP_FirstPersonCameraManager.uasset" 1167
"E:/Documents/GitHub/FYP/Project_IMT/Content/Blueprints/Char_FirstPerson/BP_FirstPersonCameraManager.uexp" 1168
"E:/Documents/GitHub/FYP/Project_IMT/Content/Blueprints/Input/BP_FirstPersonPlayerController.uasset" 1169
"E:/Documents/GitHub/FYP/Project_IMT/Content/Blueprints/Input/BP_FirstPersonPlayerController.uexp" 1170
"E:/Documents/GitHub/FYP/Project_IMT/Content/Blueprints/Gamemode/BP_OfficeGameMode.uasset" 1171
"E:/Documents/GitHub/FYP/Project_IMT/Content/Blueprints/Gamemode/BP_OfficeGameMode.uexp" 1172
"E:/Documents/GitHub/FYP/Project_IMT/Content/Blueprints/UI/GameOver/WBP_GOStress.uasset" 1173
"E:/Documents/GitHub/FYP/Project_IMT/Content/Blueprints/UI/GameOver/WBP_GOStress.uexp" 1174
"E:/Documents/GitHub/FYP/Project_IMT/Content/Textures/T_Cross.ubulk" 1175
"E:/Documents/GitHub/FYP/Project_IMT/Content/Textures/T_Cross.uasset" 1176
"E:/Documents/GitHub/FYP/Project_IMT/Content/Textures/T_Cross.uexp" 1177
"E:/Documents/GitHub/FYP/Project_IMT/Content/Textures/T_Check.ubulk" 1178
"E:/Documents/GitHub/FYP/Project_IMT/Content/Textures/T_Check.uasset" 1179
"E:/Documents/GitHub/FYP/Project_IMT/Content/Textures/T_Check.uexp" 1180
"E:/Documents/GitHub/FYP/Project_IMT/Content/Blueprints/UI/GameOver/WBP_TaskCompletion.uasset" 1181
"E:/Documents/GitHub/FYP/Project_IMT/Content/Blueprints/UI/GameOver/WBP_TaskCompletion.uexp" 1182
"E:/Documents/GitHub/FYP/Project_IMT/Content/Blueprints/UI/GameOver/WBP_GODayEnd.uasset" 1183
"E:/Documents/GitHub/FYP/Project_IMT/Content/Blueprints/UI/GameOver/WBP_GODayEnd.uexp" 1184
"E:/Documents/GitHub/FYP/Project_IMT/Content/Blueprints/UI/GameOver/WBP_GOAlertness.uasset" 1185
"E:/Documents/GitHub/FYP/Project_IMT/Content/Blueprints/UI/GameOver/WBP_GOAlertness.uexp" 1186
"E:/Documents/GitHub/FYP/Project_IMT/Content/Blueprints/UI/GameOver/WBP_GameOver.uasset" 1187
"E:/Documents/GitHub/FYP/Project_IMT/Content/Blueprints/UI/GameOver/WBP_GameOver.uexp" 1188
"E:/Documents/GitHub/FYP/Project_IMT/Content/Textures/Tutorial/T_DayTimer.uasset" 1189
"E:/Documents/GitHub/FYP/Project_IMT/Content/Textures/Tutorial/T_DayTimer.uexp" 1190
"E:/Documents/GitHub/FYP/Project_IMT/Content/Blueprints/UI/Tutorial/WBP_TutorialWelcome.uasset" 1191
"E:/Documents/GitHub/FYP/Project_IMT/Content/Blueprints/UI/Tutorial/WBP_TutorialWelcome.uexp" 1192
"E:/Documents/GitHub/FYP/Project_IMT/Content/Textures/Tutorial/T_TaskVFXRed.uasset" 1193
"E:/Documents/GitHub/FYP/Project_IMT/Content/Textures/Tutorial/T_TaskVFXRed.uexp" 1194
"E:/Documents/GitHub/FYP/Project_IMT/Content/Textures/Tutorial/T_TaskVFXGreen.uasset" 1195
"E:/Documents/GitHub/FYP/Project_IMT/Content/Textures/Tutorial/T_TaskVFXGreen.uexp" 1196
"E:/Documents/GitHub/FYP/Project_IMT/Content/Blueprints/UI/Tutorial/WBP_TutorialTaskVFX.uasset" 1197
"E:/Documents/GitHub/FYP/Project_IMT/Content/Blueprints/UI/Tutorial/WBP_TutorialTaskVFX.uexp" 1198
"E:/Documents/GitHub/FYP/Project_IMT/Content/Textures/Tutorial/T_TaskTimerRed.uasset" 1199
"E:/Documents/GitHub/FYP/Project_IMT/Content/Textures/Tutorial/T_TaskTimerRed.uexp" 1200
"E:/Documents/GitHub/FYP/Project_IMT/Content/Textures/Tutorial/T_TaskTimerGreen.uasset" 1201
"E:/Documents/GitHub/FYP/Project_IMT/Content/Textures/Tutorial/T_TaskTimerGreen.uexp" 1202
"E:/Documents/GitHub/FYP/Project_IMT/Content/Textures/Tutorial/T_TaskList.uasset" 1203
"E:/Documents/GitHub/FYP/Project_IMT/Content/Textures/Tutorial/T_TaskList.uexp" 1204
"E:/Documents/GitHub/FYP/Project_IMT/Content/Blueprints/UI/Tutorial/WBP_TutorialTaskList.uasset" 1205
"E:/Documents/GitHub/FYP/Project_IMT/Content/Blueprints/UI/Tutorial/WBP_TutorialTaskList.uexp" 1206
"E:/Documents/GitHub/FYP/Project_IMT/Content/Textures/Tutorial/T_StressBar.uasset" 1207
"E:/Documents/GitHub/FYP/Project_IMT/Content/Textures/Tutorial/T_StressBar.uexp" 1208
"E:/Documents/GitHub/FYP/Project_IMT/Content/Textures/Tutorial/T_ShortcomingsBar.uasset" 1209
"E:/Documents/GitHub/FYP/Project_IMT/Content/Textures/Tutorial/T_ShortcomingsBar.uexp" 1210
"E:/Documents/GitHub/FYP/Project_IMT/Content/Textures/Tutorial/T_AlertnessBar.uasset" 1211
"E:/Documents/GitHub/FYP/Project_IMT/Content/Textures/Tutorial/T_AlertnessBar.uexp" 1212
"E:/Documents/GitHub/FYP/Project_IMT/Content/Blueprints/UI/Tutorial/WBP_TutorialResourceBars.uasset" 1213
"E:/Documents/GitHub/FYP/Project_IMT/Content/Blueprints/UI/Tutorial/WBP_TutorialResourceBars.uexp" 1214
"E:/Documents/GitHub/FYP/Project_IMT/Content/Textures/Tutorial/T_Toilet.uasset" 1215
"E:/Documents/GitHub/FYP/Project_IMT/Content/Textures/Tutorial/T_Toilet.uexp" 1216
"E:/Documents/GitHub/FYP/Project_IMT/Content/Textures/Tutorial/T_Smoke.uasset" 1217
"E:/Documents/GitHub/FYP/Project_IMT/Content/Textures/Tutorial/T_Smoke.uexp" 1218
"E:/Documents/GitHub/FYP/Project_IMT/Content/Textures/Tutorial/T_Coffee.uasset" 1219
"E:/Documents/GitHub/FYP/Project_IMT/Content/Textures/Tutorial/T_Coffee.uexp" 1220
"E:/Documents/GitHub/FYP/Project_IMT/Content/Blueprints/UI/Tutorial/WBP_TutorialRecoveryTasks.uasset" 1221
"E:/Documents/GitHub/FYP/Project_IMT/Content/Blueprints/UI/Tutorial/WBP_TutorialRecoveryTasks.uexp" 1222
"E:/Documents/GitHub/FYP/Project_IMT/Content/Blueprints/UI/Tutorial/WBP_TutorialEnd.uasset" 1223
"E:/Documents/GitHub/FYP/Project_IMT/Content/Blueprints/UI/Tutorial/WBP_TutorialEnd.uexp" 1224
"E:/Documents/GitHub/FYP/Project_IMT/Content/Blueprints/UI/Tutorial/WBP_TutorialControls.uasset" 1225
"E:/Documents/GitHub/FYP/Project_IMT/Content/Blueprints/UI/Tutorial/WBP_TutorialControls.uexp" 1226
"E:/Documents/GitHub/FYP/Project_IMT/Content/Blueprints/UI/Tutorial/WBP_Tutorial.uasset" 1227
"E:/Documents/GitHub/FYP/Project_IMT/Content/Blueprints/UI/Tutorial/WBP_Tutorial.uexp" 1228
"E:/Documents/GitHub/FYP/Project_IMT/Content/Blueprints/UI/WBP_MainHUD.uasset" 1229
"E:/Documents/GitHub/FYP/Project_IMT/Content/Blueprints/UI/WBP_MainHUD.uexp" 1230
"E:/Documents/GitHub/FYP/Project_IMT/Content/Blueprints/UI/WBP_TaskTimer.uasset" 1231
"E:/Documents/GitHub/FYP/Project_IMT/Content/Blueprints/UI/WBP_TaskTimer.uexp" 1232
"E:/Documents/GitHub/FYP/Project_IMT/Content/Blueprints/STaskData.uasset" 1233
"E:/Documents/GitHub/FYP/Project_IMT/Content/Blueprints/STaskData.uexp" 1234
"E:/Documents/GitHub/FYP/Project_IMT/Content/Blueprints/Interfaces/BPI_BindingEvents.uasset" 1235
"E:/Documents/GitHub/FYP/Project_IMT/Content/Blueprints/Interfaces/BPI_BindingEvents.uexp" 1236
"E:/Documents/GitHub/FYP/Project_IMT/Content/Blueprints/UI/Tasks/WBP_QTE.uasset" 1237
"E:/Documents/GitHub/FYP/Project_IMT/Content/Blueprints/UI/Tasks/WBP_QTE.uexp" 1238
"E:/Documents/GitHub/FYP/Project_IMT/Content/Blueprints/UI/Tasks/WBP_DiagnosingSystemError.uasset" 1239
"E:/Documents/GitHub/FYP/Project_IMT/Content/Blueprints/UI/Tasks/WBP_DiagnosingSystemError.uexp" 1240
"E:/Documents/GitHub/FYP/Project_IMT/Content/Blueprints/Tasks/BP_BaseTask.uasset" 1241
"E:/Documents/GitHub/FYP/Project_IMT/Content/Blueprints/Tasks/BP_BaseTask.uexp" 1242
"E:/Documents/GitHub/FYP/Project_IMT/Content/Blueprints/Interfaces/BPI_Tasks.uasset" 1243
"E:/Documents/GitHub/FYP/Project_IMT/Content/Blueprints/Interfaces/BPI_Tasks.uexp" 1244
"E:/Documents/GitHub/FYP/Project_IMT/Content/Blueprints/Tasks/BP_Cigarette.uasset" 1245
"E:/Documents/GitHub/FYP/Project_IMT/Content/Blueprints/Tasks/BP_Cigarette.uexp" 1246
"E:/Documents/GitHub/FYP/Project_IMT/Content/Meshes/Cigarettes/SM_CigPacketTop.ubulk" 1247
"E:/Documents/GitHub/FYP/Project_IMT/Content/Meshes/Cigarettes/SM_CigPacketTop.uasset" 1248
"E:/Documents/GitHub/FYP/Project_IMT/Content/Meshes/Cigarettes/SM_CigPacketTop.uexp" 1249
"E:/Documents/GitHub/FYP/Project_IMT/Content/Meshes/Cigarettes/SM_CigPacketBottom.ubulk" 1250
"E:/Documents/GitHub/FYP/Project_IMT/Content/Meshes/Cigarettes/SM_CigPacketBottom.uasset" 1251
"E:/Documents/GitHub/FYP/Project_IMT/Content/Meshes/Cigarettes/SM_CigPacketBottom.uexp" 1252
"E:/Documents/GitHub/FYP/Project_IMT/Content/Blueprints/BPFL_UsefulFunctions.uasset" 1253
"E:/Documents/GitHub/FYP/Project_IMT/Content/Blueprints/BPFL_UsefulFunctions.uexp" 1254
"E:/Documents/GitHub/FYP/Project_IMT/Content/Blueprints/UI/Tasks/WBP_HoldInput.uasset" 1255
"E:/Documents/GitHub/FYP/Project_IMT/Content/Blueprints/UI/Tasks/WBP_HoldInput.uexp" 1256
"E:/Documents/GitHub/FYP/Project_IMT/Content/Blueprints/UI/Tasks/WBP_SmokeBreak.uasset" 1257
"E:/Documents/GitHub/FYP/Project_IMT/Content/Blueprints/UI/Tasks/WBP_SmokeBreak.uexp" 1258
"E:/Documents/GitHub/FYP/Project_IMT/Content/Blueprints/Tasks/BP_SmokeBreak.uasset" 1259
"E:/Documents/GitHub/FYP/Project_IMT/Content/Blueprints/Tasks/BP_SmokeBreak.uexp" 1260
"E:/Documents/GitHub/FYP/Project_IMT/Content/Meshes/PolyPack_Office_Props_AI/Textures/1024_LowPolyOfficeAI_Tex.ubulk" 1261
"E:/Documents/GitHub/FYP/Project_IMT/Content/Meshes/PolyPack_Office_Props_AI/Textures/1024_LowPolyOfficeAI_Tex.uasset" 1262
"E:/Documents/GitHub/FYP/Project_IMT/Content/Meshes/PolyPack_Office_Props_AI/Textures/1024_LowPolyOfficeAI_Tex.uexp" 1263
"E:/Documents/GitHub/FYP/Project_IMT/Content/Meshes/PolyPack_Office_Props_AI/Materials/M_1024_LowPolyOfficeAI.uasset" 1264
"E:/Documents/GitHub/FYP/Project_IMT/Content/Meshes/PolyPack_Office_Props_AI/Materials/M_1024_LowPolyOfficeAI.uexp" 1265
"E:/Documents/GitHub/FYP/Project_IMT/Content/Meshes/PolyPack_Office_Props_AI/Meshes/Decor/PapperStack_T_SM.ubulk" 1266
"E:/Documents/GitHub/FYP/Project_IMT/Content/Meshes/PolyPack_Office_Props_AI/Meshes/Decor/PapperStack_T_SM.uasset" 1267
"E:/Documents/GitHub/FYP/Project_IMT/Content/Meshes/PolyPack_Office_Props_AI/Meshes/Decor/PapperStack_T_SM.uexp" 1268
"E:/Documents/GitHub/FYP/Project_IMT/Content/Meshes/PolyPack_Office_Props_AI/Meshes/Decor/MoneyStackV1_SM.ubulk" 1269
"E:/Documents/GitHub/FYP/Project_IMT/Content/Meshes/PolyPack_Office_Props_AI/Meshes/Decor/MoneyStackV1_SM.uasset" 1270
"E:/Documents/GitHub/FYP/Project_IMT/Content/Meshes/PolyPack_Office_Props_AI/Meshes/Decor/MoneyStackV1_SM.uexp" 1271
"E:/Documents/GitHub/FYP/Project_IMT/Content/Meshes/PolyPack_Office_Props_AI/Meshes/Decor/Mailbox_Top_SM.ubulk" 1272
"E:/Documents/GitHub/FYP/Project_IMT/Content/Meshes/PolyPack_Office_Props_AI/Meshes/Decor/Mailbox_Top_SM.uasset" 1273
"E:/Documents/GitHub/FYP/Project_IMT/Content/Meshes/PolyPack_Office_Props_AI/Meshes/Decor/Mailbox_Top_SM.uexp" 1274
"E:/Documents/GitHub/FYP/Project_IMT/Content/Meshes/PolyPack_Office_Props_AI/Meshes/Decor/Mailbox_SM.ubulk" 1275
"E:/Documents/GitHub/FYP/Project_IMT/Content/Meshes/PolyPack_Office_Props_AI/Meshes/Decor/Mailbox_SM.uasset" 1276
"E:/Documents/GitHub/FYP/Project_IMT/Content/Meshes/PolyPack_Office_Props_AI/Meshes/Decor/Mailbox_SM.uexp" 1277
"E:/Documents/GitHub/FYP/Project_IMT/Content/Meshes/PolyPack_Office_Props_AI/Meshes/Decor/Mailbox_Door_SM.ubulk" 1278
"E:/Documents/GitHub/FYP/Project_IMT/Content/Meshes/PolyPack_Office_Props_AI/Meshes/Decor/Mailbox_Door_SM.uasset" 1279
"E:/Documents/GitHub/FYP/Project_IMT/Content/Meshes/PolyPack_Office_Props_AI/Meshes/Decor/Mailbox_Door_SM.uexp" 1280
"E:/Documents/GitHub/FYP/Project_IMT/Content/Meshes/PolyPack_Office_Props_AI/Materials/M_ObjectColor.uasset" 1281
"E:/Documents/GitHub/FYP/Project_IMT/Content/Meshes/PolyPack_Office_Props_AI/Materials/M_ObjectColor.uexp" 1282
"E:/Documents/GitHub/FYP/Project_IMT/Content/Meshes/PolyPack_Office_Props_AI/Meshes/Decor/AgendaClosedV1_SM.ubulk" 1283
"E:/Documents/GitHub/FYP/Project_IMT/Content/Meshes/PolyPack_Office_Props_AI/Meshes/Decor/AgendaClosedV1_SM.uasset" 1284
"E:/Documents/GitHub/FYP/Project_IMT/Content/Meshes/PolyPack_Office_Props_AI/Meshes/Decor/AgendaClosedV1_SM.uexp" 1285
"E:/Documents/GitHub/FYP/Project_IMT/Content/Meshes/PolyPack_Office_Props_AI/Materials/MI_ObjectColorOrange.uasset" 1286
"E:/Documents/GitHub/FYP/Project_IMT/Content/Meshes/PolyPack_Office_Props_AI/Materials/MI_ObjectColorOrange.uexp" 1287
"E:/Documents/GitHub/FYP/Project_IMT/Content/Meshes/PolyPack_Office_Props_AI/Materials/MI_ObjectColorWhite.uasset" 1288
"E:/Documents/GitHub/FYP/Project_IMT/Content/Meshes/PolyPack_Office_Props_AI/Materials/MI_ObjectColorWhite.uexp" 1289
"E:/Documents/GitHub/FYP/Project_IMT/Content/Blueprints/UI/Tasks/WBP_AcceptingMail.uasset" 1290
"E:/Documents/GitHub/FYP/Project_IMT/Content/Blueprints/UI/Tasks/WBP_AcceptingMail.uexp" 1291
"E:/Documents/GitHub/FYP/Project_IMT/Content/Blueprints/Tasks/BP_AcceptMail.uasset" 1292
"E:/Documents/GitHub/FYP/Project_IMT/Content/Blueprints/Tasks/BP_AcceptMail.uexp" 1293
"E:/Documents/GitHub/FYP/Project_IMT/Content/Meshes/PolyPack_Office_Props_AI/Meshes/CubicleWalls/CubicleWallV1_SM.ubulk" 1294
"E:/Documents/GitHub/FYP/Project_IMT/Content/Meshes/PolyPack_Office_Props_AI/Meshes/CubicleWalls/CubicleWallV1_SM.uasset" 1295
"E:/Documents/GitHub/FYP/Project_IMT/Content/Meshes/PolyPack_Office_Props_AI/Meshes/CubicleWalls/CubicleWallV1_SM.uexp" 1296
"../../../Engine/Content/BasicShapes/Sphere.ubulk" 1297
"../../../Engine/Content/BasicShapes/Sphere.uasset" 1298
"../../../Engine/Content/BasicShapes/Sphere.uexp" 1299
"E:/Documents/GitHub/FYP/Project_IMT/Content/Meshes/PolyPack_Office_Props_AI/Materials/MI_ObjectColorGrey.uasset" 1300
"E:/Documents/GitHub/FYP/Project_IMT/Content/Meshes/PolyPack_Office_Props_AI/Materials/MI_ObjectColorGrey.uexp" 1301
"E:/Documents/GitHub/FYP/Project_IMT/Content/Meshes/KitchenProps/Materials/MI_Color_BrownChocolate.uasset" 1302
"E:/Documents/GitHub/FYP/Project_IMT/Content/Meshes/KitchenProps/Materials/MI_Color_BrownChocolate.uexp" 1303
"E:/Documents/GitHub/FYP/Project_IMT/Content/Meshes/KitchenProps/Materials/MI_Color_BlueNavy.uasset" 1304
"E:/Documents/GitHub/FYP/Project_IMT/Content/Meshes/KitchenProps/Materials/MI_Color_BlueNavy.uexp" 1305
"E:/Documents/GitHub/FYP/Project_IMT/Content/Meshes/KitchenProps/Materials/MI_Color_GreenKaraka.uasset" 1306
"E:/Documents/GitHub/FYP/Project_IMT/Content/Meshes/KitchenProps/Materials/MI_Color_GreenKaraka.uexp" 1307
"E:/Documents/GitHub/FYP/Project_IMT/Content/Meshes/KitchenProps/Materials/MI_Color_YellowSun.uasset" 1308
"E:/Documents/GitHub/FYP/Project_IMT/Content/Meshes/KitchenProps/Materials/MI_Color_YellowSun.uexp" 1309
"E:/Documents/GitHub/FYP/Project_IMT/Content/Meshes/KitchenProps/Models/SM_CoffeeMachine.ubulk" 1310
"E:/Documents/GitHub/FYP/Project_IMT/Content/Meshes/KitchenProps/Models/SM_CoffeeMachine.uasset" 1311
"E:/Documents/GitHub/FYP/Project_IMT/Content/Meshes/KitchenProps/Models/SM_CoffeeMachine.uexp" 1312
"E:/Documents/GitHub/FYP/Project_IMT/Content/Meshes/KitchenProps/Materials/MI_Color_BrownSaddle.uasset" 1313
"E:/Documents/GitHub/FYP/Project_IMT/Content/Meshes/KitchenProps/Materials/MI_Color_BrownSaddle.uexp" 1314
"E:/Documents/GitHub/FYP/Project_IMT/Content/Blueprints/UI/Tasks/MakeCoffee/WBP_ButtonAddons.uasset" 1315
"E:/Documents/GitHub/FYP/Project_IMT/Content/Blueprints/UI/Tasks/MakeCoffee/WBP_ButtonAddons.uexp" 1316
"E:/Documents/GitHub/FYP/Project_IMT/Content/Blueprints/UI/Tasks/MakeCoffee/WBP_MakeCoffee.uasset" 1317
"E:/Documents/GitHub/FYP/Project_IMT/Content/Blueprints/UI/Tasks/MakeCoffee/WBP_MakeCoffee.uexp" 1318
"E:/Documents/GitHub/FYP/Project_IMT/Content/Meshes/KitchenProps/Models/SM_CoffeeMug.ubulk" 1319
"E:/Documents/GitHub/FYP/Project_IMT/Content/Meshes/KitchenProps/Models/SM_CoffeeMug.uasset" 1320
"E:/Documents/GitHub/FYP/Project_IMT/Content/Meshes/KitchenProps/Models/SM_CoffeeMug.uexp" 1321
"E:/Documents/GitHub/FYP/Project_IMT/Content/Blueprints/Tasks/BP_CoffeeCup.uasset" 1322
"E:/Documents/GitHub/FYP/Project_IMT/Content/Blueprints/Tasks/BP_CoffeeCup.uexp" 1323
"E:/Documents/GitHub/FYP/Project_IMT/Content/Blueprints/Tasks/BP_MakeCoffee.uasset" 1324
"E:/Documents/GitHub/FYP/Project_IMT/Content/Blueprints/Tasks/BP_MakeCoffee.uexp" 1325
"E:/Documents/GitHub/FYP/Project_IMT/Content/Meshes/PolyPack_Office_Props_AI/Meshes/Desks/TallDeskV2_SM.ubulk" 1326
"E:/Documents/GitHub/FYP/Project_IMT/Content/Meshes/PolyPack_Office_Props_AI/Meshes/Desks/TallDeskV2_SM.uasset" 1327
"E:/Documents/GitHub/FYP/Project_IMT/Content/Meshes/PolyPack_Office_Props_AI/Meshes/Desks/TallDeskV2_SM.uexp" 1328
"E:/Documents/GitHub/FYP/Project_IMT/Content/Meshes/PolyPack_Office_Props_AI/Meshes/Desks/MeetingDeskV1_SM.ubulk" 1329
"E:/Documents/GitHub/FYP/Project_IMT/Content/Meshes/PolyPack_Office_Props_AI/Meshes/Desks/MeetingDeskV1_SM.uasset" 1330
"E:/Documents/GitHub/FYP/Project_IMT/Content/Meshes/PolyPack_Office_Props_AI/Meshes/Desks/MeetingDeskV1_SM.uexp" 1331
"E:/Documents/GitHub/FYP/Project_IMT/Content/Meshes/PolyPack_Office_Props_AI/Meshes/Decor/TelephoneV1_SM.ubulk" 1332
"E:/Documents/GitHub/FYP/Project_IMT/Content/Meshes/PolyPack_Office_Props_AI/Meshes/Decor/TelephoneV1_SM.uasset" 1333
"E:/Documents/GitHub/FYP/Project_IMT/Content/Meshes/PolyPack_Office_Props_AI/Meshes/Decor/TelephoneV1_SM.uexp" 1334
"E:/Documents/GitHub/FYP/Project_IMT/Content/Meshes/PolyPack_Office_Props_AI/Meshes/Decor/PrinterV1_SM.ubulk" 1335
"E:/Documents/GitHub/FYP/Project_IMT/Content/Meshes/PolyPack_Office_Props_AI/Meshes/Decor/PrinterV1_SM.uasset" 1336
"E:/Documents/GitHub/FYP/Project_IMT/Content/Meshes/PolyPack_Office_Props_AI/Meshes/Decor/PrinterV1_SM.uexp" 1337
"E:/Documents/GitHub/FYP/Project_IMT/Content/Meshes/PolyPack_Office_Props_AI/Meshes/Decor/PlantV3_SM.ubulk" 1338
"E:/Documents/GitHub/FYP/Project_IMT/Content/Meshes/PolyPack_Office_Props_AI/Meshes/Decor/PlantV3_SM.uasset" 1339
"E:/Documents/GitHub/FYP/Project_IMT/Content/Meshes/PolyPack_Office_Props_AI/Meshes/Decor/PlantV3_SM.uexp" 1340
"E:/Documents/GitHub/FYP/Project_IMT/Content/Meshes/PolyPack_Office_Props_AI/Meshes/Decor/PlantV2_SM.ubulk" 1341
"E:/Documents/GitHub/FYP/Project_IMT/Content/Meshes/PolyPack_Office_Props_AI/Meshes/Decor/PlantV2_SM.uasset" 1342
"E:/Documents/GitHub/FYP/Project_IMT/Content/Meshes/PolyPack_Office_Props_AI/Meshes/Decor/PlantV2_SM.uexp" 1343
"E:/Documents/GitHub/FYP/Project_IMT/Content/Meshes/PolyPack_Office_Props_AI/Meshes/Decor/PlantV1_SM.ubulk" 1344
"E:/Documents/GitHub/FYP/Project_IMT/Content/Meshes/PolyPack_Office_Props_AI/Meshes/Decor/PlantV1_SM.uasset" 1345
"E:/Documents/GitHub/FYP/Project_IMT/Content/Meshes/PolyPack_Office_Props_AI/Meshes/Decor/PlantV1_SM.uexp" 1346
"E:/Documents/GitHub/FYP/Project_IMT/Content/Meshes/PolyPack_Office_Props_AI/Materials/MI_ObjectColorBlue.uasset" 1347
"E:/Documents/GitHub/FYP/Project_IMT/Content/Meshes/PolyPack_Office_Props_AI/Materials/MI_ObjectColorBlue.uexp" 1348
"E:/Documents/GitHub/FYP/Project_IMT/Content/Meshes/PolyPack_Office_Props_AI/Meshes/Decor/PenV2_SM.ubulk" 1349
"E:/Documents/GitHub/FYP/Project_IMT/Content/Meshes/PolyPack_Office_Props_AI/Meshes/Decor/PenV2_SM.uasset" 1350
"E:/Documents/GitHub/FYP/Project_IMT/Content/Meshes/PolyPack_Office_Props_AI/Meshes/Decor/PenV2_SM.uexp" 1351
"E:/Documents/GitHub/FYP/Project_IMT/Content/Meshes/PolyPack_Office_Props_AI/Meshes/Decor/PenV1_SM.ubulk" 1352
"E:/Documents/GitHub/FYP/Project_IMT/Content/Meshes/PolyPack_Office_Props_AI/Meshes/Decor/PenV1_SM.uasset" 1353
"E:/Documents/GitHub/FYP/Project_IMT/Content/Meshes/PolyPack_Office_Props_AI/Meshes/Decor/PenV1_SM.uexp" 1354
"E:/Documents/GitHub/FYP/Project_IMT/Content/Meshes/PolyPack_Office_Props_AI/Meshes/Decor/PenHolderV2Filled_SM.ubulk" 1355
"E:/Documents/GitHub/FYP/Project_IMT/Content/Meshes/PolyPack_Office_Props_AI/Meshes/Decor/PenHolderV2Filled_SM.uasset" 1356
"E:/Documents/GitHub/FYP/Project_IMT/Content/Meshes/PolyPack_Office_Props_AI/Meshes/Decor/PenHolderV2Filled_SM.uexp" 1357
"E:/Documents/GitHub/FYP/Project_IMT/Content/Meshes/PolyPack_Office_Props_AI/Meshes/Decor/PenHolderV1Filled_SM.ubulk" 1358
"E:/Documents/GitHub/FYP/Project_IMT/Content/Meshes/PolyPack_Office_Props_AI/Meshes/Decor/PenHolderV1Filled_SM.uasset" 1359
"E:/Documents/GitHub/FYP/Project_IMT/Content/Meshes/PolyPack_Office_Props_AI/Meshes/Decor/PenHolderV1Filled_SM.uexp" 1360
"E:/Documents/GitHub/FYP/Project_IMT/Content/Meshes/PolyPack_Office_Props_AI/Meshes/Decor/PencilV1_SM.ubulk" 1361
"E:/Documents/GitHub/FYP/Project_IMT/Content/Meshes/PolyPack_Office_Props_AI/Meshes/Decor/PencilV1_SM.uasset" 1362
"E:/Documents/GitHub/FYP/Project_IMT/Content/Meshes/PolyPack_Office_Props_AI/Meshes/Decor/PencilV1_SM.uexp" 1363
"E:/Documents/GitHub/FYP/Project_IMT/Content/Meshes/PolyPack_Office_Props_AI/Meshes/Decor/Paper_SM.ubulk" 1364
"E:/Documents/GitHub/FYP/Project_IMT/Content/Meshes/PolyPack_Office_Props_AI/Meshes/Decor/Paper_SM.uasset" 1365
"E:/Documents/GitHub/FYP/Project_IMT/Content/Meshes/PolyPack_Office_Props_AI/Meshes/Decor/Paper_SM.uexp" 1366
"E:/Documents/GitHub/FYP/Project_IMT/Content/Meshes/PolyPack_Office_Props_AI/Meshes/Decor/ConatinerV2_SM.ubulk" 1367
"E:/Documents/GitHub/FYP/Project_IMT/Content/Meshes/PolyPack_Office_Props_AI/Meshes/Decor/ConatinerV2_SM.uasset" 1368
"E:/Documents/GitHub/FYP/Project_IMT/Content/Meshes/PolyPack_Office_Props_AI/Meshes/Decor/ConatinerV2_SM.uexp" 1369
"E:/Documents/GitHub/FYP/Project_IMT/Content/Meshes/PolyPack_Office_Props_AI/Meshes/CubicleWalls/CubicleWallV1Small_SM.ubulk" 1370
"E:/Documents/GitHub/FYP/Project_IMT/Content/Meshes/PolyPack_Office_Props_AI/Meshes/CubicleWalls/CubicleWallV1Small_SM.uasset" 1371
"E:/Documents/GitHub/FYP/Project_IMT/Content/Meshes/PolyPack_Office_Props_AI/Meshes/CubicleWalls/CubicleWallV1Small_SM.uexp" 1372
"E:/Documents/GitHub/FYP/Project_IMT/Content/Meshes/PolyPack_Office_Props_AI/Materials/MI_ObjectColorDarkGrey.uasset" 1373
"E:/Documents/GitHub/FYP/Project_IMT/Content/Meshes/PolyPack_Office_Props_AI/Materials/MI_ObjectColorDarkGrey.uexp" 1374
"E:/Documents/GitHub/FYP/Project_IMT/Content/Meshes/PolyPack_Office_Props_AI/Meshes/Computers/LaptopV1_SM.ubulk" 1375
"E:/Documents/GitHub/FYP/Project_IMT/Content/Meshes/PolyPack_Office_Props_AI/Meshes/Computers/LaptopV1_SM.uasset" 1376
"E:/Documents/GitHub/FYP/Project_IMT/Content/Meshes/PolyPack_Office_Props_AI/Meshes/Computers/LaptopV1_SM.uexp" 1377
"E:/Documents/GitHub/FYP/Project_IMT/Content/Meshes/PolyPack_Office_Props_AI/Materials/MI_ObjectColorBrown.uasset" 1378
"E:/Documents/GitHub/FYP/Project_IMT/Content/Meshes/PolyPack_Office_Props_AI/Materials/MI_ObjectColorBrown.uexp" 1379
"E:/Documents/GitHub/FYP/Project_IMT/Content/Meshes/PolyPack_Office_Props_AI/Meshes/Storage/BookshelfV2_TopDrawer_SM.ubulk" 1380
"E:/Documents/GitHub/FYP/Project_IMT/Content/Meshes/PolyPack_Office_Props_AI/Meshes/Storage/BookshelfV2_TopDrawer_SM.uasset" 1381
"E:/Documents/GitHub/FYP/Project_IMT/Content/Meshes/PolyPack_Office_Props_AI/Meshes/Storage/BookshelfV2_TopDrawer_SM.uexp" 1382
"E:/Documents/GitHub/FYP/Project_IMT/Content/Meshes/PolyPack_Office_Props_AI/Meshes/Storage/BookshelfV2_SM.ubulk" 1383
"E:/Documents/GitHub/FYP/Project_IMT/Content/Meshes/PolyPack_Office_Props_AI/Meshes/Storage/BookshelfV2_SM.uasset" 1384
"E:/Documents/GitHub/FYP/Project_IMT/Content/Meshes/PolyPack_Office_Props_AI/Meshes/Storage/BookshelfV2_SM.uexp" 1385
"E:/Documents/GitHub/FYP/Project_IMT/Content/Meshes/PolyPack_Office_Props_AI/Meshes/Storage/BookshelfV2_LowDrawer_SM.ubulk" 1386
"E:/Documents/GitHub/FYP/Project_IMT/Content/Meshes/PolyPack_Office_Props_AI/Meshes/Storage/BookshelfV2_LowDrawer_SM.uasset" 1387
"E:/Documents/GitHub/FYP/Project_IMT/Content/Meshes/PolyPack_Office_Props_AI/Meshes/Storage/BookshelfV2_LowDrawer_SM.uexp" 1388
"E:/Documents/GitHub/FYP/Project_IMT/Content/Meshes/PolyPack_Office_Props_AI/Blueprints/BookshelfV2_BP.uasset" 1389
"E:/Documents/GitHub/FYP/Project_IMT/Content/Meshes/PolyPack_Office_Props_AI/Blueprints/BookshelfV2_BP.uexp" 1390
"E:/Documents/GitHub/FYP/Project_IMT/Content/Meshes/PolyPack_Office_Props_AI/Meshes/Storage/CabinetV1_Drawer_SM.ubulk" 1391
"E:/Documents/GitHub/FYP/Project_IMT/Content/Meshes/PolyPack_Office_Props_AI/Meshes/Storage/CabinetV1_Drawer_SM.uasset" 1392
"E:/Documents/GitHub/FYP/Project_IMT/Content/Meshes/PolyPack_Office_Props_AI/Meshes/Storage/CabinetV1_Drawer_SM.uexp" 1393
"E:/Documents/GitHub/FYP/Project_IMT/Content/Meshes/PolyPack_Office_Props_AI/Meshes/Storage/CabinetLargeV1_SM.ubulk" 1394
"E:/Documents/GitHub/FYP/Project_IMT/Content/Meshes/PolyPack_Office_Props_AI/Meshes/Storage/CabinetLargeV1_SM.uasset" 1395
"E:/Documents/GitHub/FYP/Project_IMT/Content/Meshes/PolyPack_Office_Props_AI/Meshes/Storage/CabinetLargeV1_SM.uexp" 1396
"E:/Documents/GitHub/FYP/Project_IMT/Content/Meshes/PolyPack_Office_Props_AI/Blueprints/CabinetLargeV1Black_BP.uasset" 1397
"E:/Documents/GitHub/FYP/Project_IMT/Content/Meshes/PolyPack_Office_Props_AI/Blueprints/CabinetLargeV1Black_BP.uexp" 1398
"E:/Documents/GitHub/FYP/Project_IMT/Content/Meshes/PolyPack_Office_Props_AI/Meshes/Storage/CabinetMediumV1_SM.ubulk" 1399
"E:/Documents/GitHub/FYP/Project_IMT/Content/Meshes/PolyPack_Office_Props_AI/Meshes/Storage/CabinetMediumV1_SM.uasset" 1400
"E:/Documents/GitHub/FYP/Project_IMT/Content/Meshes/PolyPack_Office_Props_AI/Meshes/Storage/CabinetMediumV1_SM.uexp" 1401
"E:/Documents/GitHub/FYP/Project_IMT/Content/Meshes/PolyPack_Office_Props_AI/Blueprints/CabinetMediumV1Black_BP.uasset" 1402
"E:/Documents/GitHub/FYP/Project_IMT/Content/Meshes/PolyPack_Office_Props_AI/Blueprints/CabinetMediumV1Black_BP.uexp" 1403
"E:/Documents/GitHub/FYP/Project_IMT/Content/Meshes/PolyPack_Office_Props_AI/Meshes/Storage/CabinetWideV1_SM.ubulk" 1404
"E:/Documents/GitHub/FYP/Project_IMT/Content/Meshes/PolyPack_Office_Props_AI/Meshes/Storage/CabinetWideV1_SM.uasset" 1405
"E:/Documents/GitHub/FYP/Project_IMT/Content/Meshes/PolyPack_Office_Props_AI/Meshes/Storage/CabinetWideV1_SM.uexp" 1406
"E:/Documents/GitHub/FYP/Project_IMT/Content/Meshes/PolyPack_Office_Props_AI/Meshes/Storage/CabinetWideV1_Drawer_SM.ubulk" 1407
"E:/Documents/GitHub/FYP/Project_IMT/Content/Meshes/PolyPack_Office_Props_AI/Meshes/Storage/CabinetWideV1_Drawer_SM.uasset" 1408
"E:/Documents/GitHub/FYP/Project_IMT/Content/Meshes/PolyPack_Office_Props_AI/Meshes/Storage/CabinetWideV1_Drawer_SM.uexp" 1409
"E:/Documents/GitHub/FYP/Project_IMT/Content/Meshes/PolyPack_Office_Props_AI/Blueprints/CabinetWideV1Black_BP.uasset" 1410
"E:/Documents/GitHub/FYP/Project_IMT/Content/Meshes/PolyPack_Office_Props_AI/Blueprints/CabinetWideV1Black_BP.uexp" 1411
"E:/Documents/GitHub/FYP/Project_IMT/Content/Meshes/PolyPack_Office_Props_AI/Meshes/Storage/CabinetXLargeV1_SM.ubulk" 1412
"E:/Documents/GitHub/FYP/Project_IMT/Content/Meshes/PolyPack_Office_Props_AI/Meshes/Storage/CabinetXLargeV1_SM.uasset" 1413
"E:/Documents/GitHub/FYP/Project_IMT/Content/Meshes/PolyPack_Office_Props_AI/Meshes/Storage/CabinetXLargeV1_SM.uexp" 1414
"E:/Documents/GitHub/FYP/Project_IMT/Content/Meshes/PolyPack_Office_Props_AI/Blueprints/CabinetXLargeV1Black_BP.uasset" 1415
"E:/Documents/GitHub/FYP/Project_IMT/Content/Meshes/PolyPack_Office_Props_AI/Blueprints/CabinetXLargeV1Black_BP.uexp" 1416
"E:/Documents/GitHub/FYP/Project_IMT/Content/Meshes/PolyPack_Office_Props_AI/Meshes/Chairs/ChairV2_Top_SM.ubulk" 1417
"E:/Documents/GitHub/FYP/Project_IMT/Content/Meshes/PolyPack_Office_Props_AI/Meshes/Chairs/ChairV2_Top_SM.uasset" 1418
"E:/Documents/GitHub/FYP/Project_IMT/Content/Meshes/PolyPack_Office_Props_AI/Meshes/Chairs/ChairV2_Top_SM.uexp" 1419
"E:/Documents/GitHub/FYP/Project_IMT/Content/Meshes/PolyPack_Office_Props_AI/Meshes/Chairs/ChairV2_SM.ubulk" 1420
"E:/Documents/GitHub/FYP/Project_IMT/Content/Meshes/PolyPack_Office_Props_AI/Meshes/Chairs/ChairV2_SM.uasset" 1421
"E:/Documents/GitHub/FYP/Project_IMT/Content/Meshes/PolyPack_Office_Props_AI/Meshes/Chairs/ChairV2_SM.uexp" 1422
"E:/Documents/GitHub/FYP/Project_IMT/Content/Meshes/PolyPack_Office_Props_AI/Blueprints/ChairV2_BP.uasset" 1423
"E:/Documents/GitHub/FYP/Project_IMT/Content/Meshes/PolyPack_Office_Props_AI/Blueprints/ChairV2_BP.uexp" 1424
"E:/Documents/GitHub/FYP/Project_IMT/Content/Meshes/PolyPack_Office_Props_AI/Meshes/Decor/TrashBinV2_Top_SM.ubulk" 1425
"E:/Documents/GitHub/FYP/Project_IMT/Content/Meshes/PolyPack_Office_Props_AI/Meshes/Decor/TrashBinV2_Top_SM.uasset" 1426
"E:/Documents/GitHub/FYP/Project_IMT/Content/Meshes/PolyPack_Office_Props_AI/Meshes/Decor/TrashBinV2_Top_SM.uexp" 1427
"E:/Documents/GitHub/FYP/Project_IMT/Content/Meshes/PolyPack_Office_Props_AI/Meshes/Decor/TrashBinV2_SM.ubulk" 1428
"E:/Documents/GitHub/FYP/Project_IMT/Content/Meshes/PolyPack_Office_Props_AI/Meshes/Decor/TrashBinV2_SM.uasset" 1429
"E:/Documents/GitHub/FYP/Project_IMT/Content/Meshes/PolyPack_Office_Props_AI/Meshes/Decor/TrashBinV2_SM.uexp" 1430
"E:/Documents/GitHub/FYP/Project_IMT/Content/Meshes/PolyPack_Office_Props_AI/Blueprints/TrashBinV2Black_BP.uasset" 1431
"E:/Documents/GitHub/FYP/Project_IMT/Content/Meshes/PolyPack_Office_Props_AI/Blueprints/TrashBinV2Black_BP.uexp" 1432
"E:/Documents/GitHub/FYP/Project_IMT/Content/Meshes/KitchenProps/Materials/MI_Color_White.uasset" 1433
"E:/Documents/GitHub/FYP/Project_IMT/Content/Meshes/KitchenProps/Materials/MI_Color_White.uexp" 1434
"E:/Documents/GitHub/FYP/Project_IMT/Content/Meshes/KitchenProps/Models/SM_Toaster.ubulk" 1435
"E:/Documents/GitHub/FYP/Project_IMT/Content/Meshes/KitchenProps/Models/SM_Toaster.uasset" 1436
"E:/Documents/GitHub/FYP/Project_IMT/Content/Meshes/KitchenProps/Models/SM_Toaster.uexp" 1437
"E:/Documents/GitHub/FYP/Project_IMT/Content/Meshes/KitchenProps/Materials/MI_Color_RedBittersweet.uasset" 1438
"E:/Documents/GitHub/FYP/Project_IMT/Content/Meshes/KitchenProps/Materials/MI_Color_RedBittersweet.uexp" 1439
"E:/Documents/GitHub/FYP/Project_IMT/Content/Meshes/KitchenProps/Materials/MI_Color_OrangeCrusta.uasset" 1440
"E:/Documents/GitHub/FYP/Project_IMT/Content/Meshes/KitchenProps/Materials/MI_Color_OrangeCrusta.uexp" 1441
"E:/Documents/GitHub/FYP/Project_IMT/Content/Meshes/KitchenProps/Materials/MI_Color_Black.uasset" 1442
"E:/Documents/GitHub/FYP/Project_IMT/Content/Meshes/KitchenProps/Materials/MI_Color_Black.uexp" 1443
"E:/Documents/GitHub/FYP/Project_IMT/Content/Meshes/KitchenProps/Models/SM_Stove.ubulk" 1444
"E:/Documents/GitHub/FYP/Project_IMT/Content/Meshes/KitchenProps/Models/SM_Stove.uasset" 1445
"E:/Documents/GitHub/FYP/Project_IMT/Content/Meshes/KitchenProps/Models/SM_Stove.uexp" 1446
"E:/Documents/GitHub/FYP/Project_IMT/Content/Meshes/KitchenProps/Materials/MI_Color_BlueStone.uasset" 1447
"E:/Documents/GitHub/FYP/Project_IMT/Content/Meshes/KitchenProps/Materials/MI_Color_BlueStone.uexp" 1448
"E:/Documents/GitHub/FYP/Project_IMT/Content/Meshes/KitchenProps/Models/SM_Stool.ubulk" 1449
"E:/Documents/GitHub/FYP/Project_IMT/Content/Meshes/KitchenProps/Models/SM_Stool.uasset" 1450
"E:/Documents/GitHub/FYP/Project_IMT/Content/Meshes/KitchenProps/Models/SM_Stool.uexp" 1451
"E:/Documents/GitHub/FYP/Project_IMT/Content/Meshes/KitchenProps/Materials/MI_Color_BlueMetallic.uasset" 1452
"E:/Documents/GitHub/FYP/Project_IMT/Content/Meshes/KitchenProps/Materials/MI_Color_BlueMetallic.uexp" 1453
"E:/Documents/GitHub/FYP/Project_IMT/Content/Meshes/KitchenProps/Models/SM_ShelfLong.ubulk" 1454
"E:/Documents/GitHub/FYP/Project_IMT/Content/Meshes/KitchenProps/Models/SM_ShelfLong.uasset" 1455
"E:/Documents/GitHub/FYP/Project_IMT/Content/Meshes/KitchenProps/Models/SM_ShelfLong.uexp" 1456
"E:/Documents/GitHub/FYP/Project_IMT/Content/Meshes/KitchenProps/Materials/MI_Color_GreenArmy.uasset" 1457
"E:/Documents/GitHub/FYP/Project_IMT/Content/Meshes/KitchenProps/Materials/MI_Color_GreenArmy.uexp" 1458
"E:/Documents/GitHub/FYP/Project_IMT/Content/Meshes/KitchenProps/Models/SM_PotRoundBig.ubulk" 1459
"E:/Documents/GitHub/FYP/Project_IMT/Content/Meshes/KitchenProps/Models/SM_PotRoundBig.uasset" 1460
"E:/Documents/GitHub/FYP/Project_IMT/Content/Meshes/KitchenProps/Models/SM_PotRoundBig.uexp" 1461
"E:/Documents/GitHub/FYP/Project_IMT/Content/Meshes/KitchenProps/Textures/T_PosterItIsAlwaysTimeForCoffee_ncl1_1.uasset" 1462
"E:/Documents/GitHub/FYP/Project_IMT/Content/Meshes/KitchenProps/Textures/T_PosterItIsAlwaysTimeForCoffee_ncl1_1.uexp" 1463
"E:/Documents/GitHub/FYP/Project_IMT/Content/Meshes/KitchenProps/Textures/T_PosterCoffeeMix_ncl1_1.uasset" 1464
"E:/Documents/GitHub/FYP/Project_IMT/Content/Meshes/KitchenProps/Textures/T_PosterCoffeeMix_ncl1_1.uexp" 1465
"E:/Documents/GitHub/FYP/Project_IMT/Content/Meshes/KitchenProps/Materials/M_PosterImage.uasset" 1466
"E:/Documents/GitHub/FYP/Project_IMT/Content/Meshes/KitchenProps/Materials/M_PosterImage.uexp" 1467
"E:/Documents/GitHub/FYP/Project_IMT/Content/Meshes/KitchenProps/Materials/MI_PosterImage_ItIsAlwaysTimeForCoffee.uasset" 1468
"E:/Documents/GitHub/FYP/Project_IMT/Content/Meshes/KitchenProps/Materials/MI_PosterImage_ItIsAlwaysTimeForCoffee.uexp" 1469
"E:/Documents/GitHub/FYP/Project_IMT/Content/Meshes/KitchenProps/Models/SM_PosterItIsAlwaysTimeForCoffee.ubulk" 1470
"E:/Documents/GitHub/FYP/Project_IMT/Content/Meshes/KitchenProps/Models/SM_PosterItIsAlwaysTimeForCoffee.uasset" 1471
"E:/Documents/GitHub/FYP/Project_IMT/Content/Meshes/KitchenProps/Models/SM_PosterItIsAlwaysTimeForCoffee.uexp" 1472
"E:/Documents/GitHub/FYP/Project_IMT/Content/Meshes/KitchenProps/Models/SM_PaperTowelWithStand.ubulk" 1473
"E:/Documents/GitHub/FYP/Project_IMT/Content/Meshes/KitchenProps/Models/SM_PaperTowelWithStand.uasset" 1474
"E:/Documents/GitHub/FYP/Project_IMT/Content/Meshes/KitchenProps/Models/SM_PaperTowelWithStand.uexp" 1475
"E:/Documents/GitHub/FYP/Project_IMT/Content/Meshes/KitchenProps/Materials/MI_Color_GreenStromboli.uasset" 1476
"E:/Documents/GitHub/FYP/Project_IMT/Content/Meshes/KitchenProps/Materials/MI_Color_GreenStromboli.uexp" 1477
"E:/Documents/GitHub/FYP/Project_IMT/Content/Meshes/KitchenProps/Models/SM_Pan.ubulk" 1478
"E:/Documents/GitHub/FYP/Project_IMT/Content/Meshes/KitchenProps/Models/SM_Pan.uasset" 1479
"E:/Documents/GitHub/FYP/Project_IMT/Content/Meshes/KitchenProps/Models/SM_Pan.uexp" 1480
"E:/Documents/GitHub/FYP/Project_IMT/Content/Meshes/KitchenProps/Materials/MI_Color_BlueNordic.uasset" 1481
"E:/Documents/GitHub/FYP/Project_IMT/Content/Meshes/KitchenProps/Materials/MI_Color_BlueNordic.uexp" 1482
"E:/Documents/GitHub/FYP/Project_IMT/Content/Meshes/KitchenProps/Models/SM_OneLegTable.ubulk" 1483
"E:/Documents/GitHub/FYP/Project_IMT/Content/Meshes/KitchenProps/Models/SM_OneLegTable.uasset" 1484
"E:/Documents/GitHub/FYP/Project_IMT/Content/Meshes/KitchenProps/Models/SM_OneLegTable.uexp" 1485
"E:/Documents/GitHub/FYP/Project_IMT/Content/Meshes/KitchenProps/Models/SM_MugYellowSun.ubulk" 1486
"E:/Documents/GitHub/FYP/Project_IMT/Content/Meshes/KitchenProps/Models/SM_MugYellowSun.uasset" 1487
"E:/Documents/GitHub/FYP/Project_IMT/Content/Meshes/KitchenProps/Models/SM_MugYellowSun.uexp" 1488
"E:/Documents/GitHub/FYP/Project_IMT/Content/Meshes/KitchenProps/Models/SM_MugGreenStromboli.ubulk" 1489
"E:/Documents/GitHub/FYP/Project_IMT/Content/Meshes/KitchenProps/Models/SM_MugGreenStromboli.uasset" 1490
"E:/Documents/GitHub/FYP/Project_IMT/Content/Meshes/KitchenProps/Models/SM_MugGreenStromboli.uexp" 1491
"E:/Documents/GitHub/FYP/Project_IMT/Content/Meshes/KitchenProps/Materials/MI_Color_GreenSirocco.uasset" 1492
"E:/Documents/GitHub/FYP/Project_IMT/Content/Meshes/KitchenProps/Materials/MI_Color_GreenSirocco.uexp" 1493
"E:/Documents/GitHub/FYP/Project_IMT/Content/Meshes/KitchenProps/Models/SM_MugGreenSirocco.ubulk" 1494
"E:/Documents/GitHub/FYP/Project_IMT/Content/Meshes/KitchenProps/Models/SM_MugGreenSirocco.uasset" 1495
"E:/Documents/GitHub/FYP/Project_IMT/Content/Meshes/KitchenProps/Models/SM_MugGreenSirocco.uexp" 1496
"E:/Documents/GitHub/FYP/Project_IMT/Content/Meshes/KitchenProps/Materials/MI_Color_GreenNorway.uasset" 1497
"E:/Documents/GitHub/FYP/Project_IMT/Content/Meshes/KitchenProps/Materials/MI_Color_GreenNorway.uexp" 1498
"E:/Documents/GitHub/FYP/Project_IMT/Content/Meshes/KitchenProps/Models/SM_MugGreenNorway.ubulk" 1499
"E:/Documents/GitHub/FYP/Project_IMT/Content/Meshes/KitchenProps/Models/SM_MugGreenNorway.uasset" 1500
"E:/Documents/GitHub/FYP/Project_IMT/Content/Meshes/KitchenProps/Models/SM_MugGreenNorway.uexp" 1501
"E:/Documents/GitHub/FYP/Project_IMT/Content/Meshes/KitchenProps/Models/SM_MuffinCupYellow.ubulk" 1502
"E:/Documents/GitHub/FYP/Project_IMT/Content/Meshes/KitchenProps/Models/SM_MuffinCupYellow.uasset" 1503
"E:/Documents/GitHub/FYP/Project_IMT/Content/Meshes/KitchenProps/Models/SM_MuffinCupYellow.uexp" 1504
"E:/Documents/GitHub/FYP/Project_IMT/Content/Meshes/KitchenProps/Models/SM_MortarPestle.ubulk" 1505
"E:/Documents/GitHub/FYP/Project_IMT/Content/Meshes/KitchenProps/Models/SM_MortarPestle.uasset" 1506
"E:/Documents/GitHub/FYP/Project_IMT/Content/Meshes/KitchenProps/Models/SM_MortarPestle.uexp" 1507
"E:/Documents/GitHub/FYP/Project_IMT/Content/Meshes/KitchenProps/Models/SM_Mortar.ubulk" 1508
"E:/Documents/GitHub/FYP/Project_IMT/Content/Meshes/KitchenProps/Models/SM_Mortar.uasset" 1509
"E:/Documents/GitHub/FYP/Project_IMT/Content/Meshes/KitchenProps/Models/SM_Mortar.uexp" 1510
"E:/Documents/GitHub/FYP/Project_IMT/Content/Meshes/KitchenProps/Models/SM_MillSalt.ubulk" 1511
"E:/Documents/GitHub/FYP/Project_IMT/Content/Meshes/KitchenProps/Models/SM_MillSalt.uasset" 1512
"E:/Documents/GitHub/FYP/Project_IMT/Content/Meshes/KitchenProps/Models/SM_MillSalt.uexp" 1513
"E:/Documents/GitHub/FYP/Project_IMT/Content/Meshes/KitchenProps/Models/SM_MillPepper.ubulk" 1514
"E:/Documents/GitHub/FYP/Project_IMT/Content/Meshes/KitchenProps/Models/SM_MillPepper.uasset" 1515
"E:/Documents/GitHub/FYP/Project_IMT/Content/Meshes/KitchenProps/Models/SM_MillPepper.uexp" 1516
"E:/Documents/GitHub/FYP/Project_IMT/Content/Meshes/KitchenProps/Models/SM_Kettle.ubulk" 1517
"E:/Documents/GitHub/FYP/Project_IMT/Content/Meshes/KitchenProps/Models/SM_Kettle.uasset" 1518
"E:/Documents/GitHub/FYP/Project_IMT/Content/Meshes/KitchenProps/Models/SM_Kettle.uexp" 1519
"E:/Documents/GitHub/FYP/Project_IMT/Content/Meshes/KitchenProps/Materials/MI_Color_BlueWhale.uasset" 1520
"E:/Documents/GitHub/FYP/Project_IMT/Content/Meshes/KitchenProps/Materials/MI_Color_BlueWhale.uexp" 1521
"E:/Documents/GitHub/FYP/Project_IMT/Content/Meshes/KitchenProps/Models/SM_JarGreenStromboli.ubulk" 1522
"E:/Documents/GitHub/FYP/Project_IMT/Content/Meshes/KitchenProps/Models/SM_JarGreenStromboli.uasset" 1523
"E:/Documents/GitHub/FYP/Project_IMT/Content/Meshes/KitchenProps/Models/SM_JarGreenStromboli.uexp" 1524
"E:/Documents/GitHub/FYP/Project_IMT/Content/Meshes/KitchenProps/Models/SM_JarGreenNorway.ubulk" 1525
"E:/Documents/GitHub/FYP/Project_IMT/Content/Meshes/KitchenProps/Models/SM_JarGreenNorway.uasset" 1526
"E:/Documents/GitHub/FYP/Project_IMT/Content/Meshes/KitchenProps/Models/SM_JarGreenNorway.uexp" 1527
"E:/Documents/GitHub/FYP/Project_IMT/Content/Meshes/KitchenProps/Models/SM_JarBlueNordic.ubulk" 1528
"E:/Documents/GitHub/FYP/Project_IMT/Content/Meshes/KitchenProps/Models/SM_JarBlueNordic.uasset" 1529
"E:/Documents/GitHub/FYP/Project_IMT/Content/Meshes/KitchenProps/Models/SM_JarBlueNordic.uexp" 1530
"E:/Documents/GitHub/FYP/Project_IMT/Content/Meshes/KitchenProps/Models/SM_Haversack.ubulk" 1531
"E:/Documents/GitHub/FYP/Project_IMT/Content/Meshes/KitchenProps/Models/SM_Haversack.uasset" 1532
"E:/Documents/GitHub/FYP/Project_IMT/Content/Meshes/KitchenProps/Models/SM_Haversack.uexp" 1533
"E:/Documents/GitHub/FYP/Project_IMT/Content/Meshes/KitchenProps/Models/SM_Fridge.ubulk" 1534
"E:/Documents/GitHub/FYP/Project_IMT/Content/Meshes/KitchenProps/Models/SM_Fridge.uasset" 1535
"E:/Documents/GitHub/FYP/Project_IMT/Content/Meshes/KitchenProps/Models/SM_Fridge.uexp" 1536
"E:/Documents/GitHub/FYP/Project_IMT/Content/Meshes/KitchenProps/Models/SM_FlatPlateSmallYellowSun.ubulk" 1537
"E:/Documents/GitHub/FYP/Project_IMT/Content/Meshes/KitchenProps/Models/SM_FlatPlateSmallYellowSun.uasset" 1538
"E:/Documents/GitHub/FYP/Project_IMT/Content/Meshes/KitchenProps/Models/SM_FlatPlateSmallYellowSun.uexp" 1539
"E:/Documents/GitHub/FYP/Project_IMT/Content/Meshes/KitchenProps/Models/SM_FlatPlateSmallGreenStromboli.ubulk" 1540
"E:/Documents/GitHub/FYP/Project_IMT/Content/Meshes/KitchenProps/Models/SM_FlatPlateSmallGreenStromboli.uasset" 1541
"E:/Documents/GitHub/FYP/Project_IMT/Content/Meshes/KitchenProps/Models/SM_FlatPlateSmallGreenStromboli.uexp" 1542
"E:/Documents/GitHub/FYP/Project_IMT/Content/Meshes/KitchenProps/Models/SM_FlatPlateSmallGreenSirocco.ubulk" 1543
"E:/Documents/GitHub/FYP/Project_IMT/Content/Meshes/KitchenProps/Models/SM_FlatPlateSmallGreenSirocco.uasset" 1544
"E:/Documents/GitHub/FYP/Project_IMT/Content/Meshes/KitchenProps/Models/SM_FlatPlateSmallGreenSirocco.uexp" 1545
"E:/Documents/GitHub/FYP/Project_IMT/Content/Meshes/KitchenProps/Models/SM_FlatPlateSmallGreenNorway.ubulk" 1546
"E:/Documents/GitHub/FYP/Project_IMT/Content/Meshes/KitchenProps/Models/SM_FlatPlateSmallGreenNorway.uasset" 1547
"E:/Documents/GitHub/FYP/Project_IMT/Content/Meshes/KitchenProps/Models/SM_FlatPlateSmallGreenNorway.uexp" 1548
"E:/Documents/GitHub/FYP/Project_IMT/Content/Meshes/KitchenProps/Models/SM_FlatPlateMidGreenStromboli.ubulk" 1549
"E:/Documents/GitHub/FYP/Project_IMT/Content/Meshes/KitchenProps/Models/SM_FlatPlateMidGreenStromboli.uasset" 1550
"E:/Documents/GitHub/FYP/Project_IMT/Content/Meshes/KitchenProps/Models/SM_FlatPlateMidGreenStromboli.uexp" 1551
"E:/Documents/GitHub/FYP/Project_IMT/Content/Meshes/KitchenProps/Models/SM_FlatPlateBigGreenNorway.ubulk" 1552
"E:/Documents/GitHub/FYP/Project_IMT/Content/Meshes/KitchenProps/Models/SM_FlatPlateBigGreenNorway.uasset" 1553
"E:/Documents/GitHub/FYP/Project_IMT/Content/Meshes/KitchenProps/Models/SM_FlatPlateBigGreenNorway.uexp" 1554
"E:/Documents/GitHub/FYP/Project_IMT/Content/Meshes/KitchenProps/Models/SM_DeepPlateSmallYellowOrange.ubulk" 1555
"E:/Documents/GitHub/FYP/Project_IMT/Content/Meshes/KitchenProps/Models/SM_DeepPlateSmallYellowOrange.uasset" 1556
"E:/Documents/GitHub/FYP/Project_IMT/Content/Meshes/KitchenProps/Models/SM_DeepPlateSmallYellowOrange.uexp" 1557
"E:/Documents/GitHub/FYP/Project_IMT/Content/Meshes/KitchenProps/Models/SM_DeepPlateSmallGreenStromboli.ubulk" 1558
"E:/Documents/GitHub/FYP/Project_IMT/Content/Meshes/KitchenProps/Models/SM_DeepPlateSmallGreenStromboli.uasset" 1559
"E:/Documents/GitHub/FYP/Project_IMT/Content/Meshes/KitchenProps/Models/SM_DeepPlateSmallGreenStromboli.uexp" 1560
"E:/Documents/GitHub/FYP/Project_IMT/Content/Meshes/KitchenProps/Models/SM_DeepPlateSmallGreenSirocco.ubulk" 1561
"E:/Documents/GitHub/FYP/Project_IMT/Content/Meshes/KitchenProps/Models/SM_DeepPlateSmallGreenSirocco.uasset" 1562
"E:/Documents/GitHub/FYP/Project_IMT/Content/Meshes/KitchenProps/Models/SM_DeepPlateSmallGreenSirocco.uexp" 1563
"E:/Documents/GitHub/FYP/Project_IMT/Content/Meshes/KitchenProps/Models/SM_DeepPlateMidYellowSun.ubulk" 1564
"E:/Documents/GitHub/FYP/Project_IMT/Content/Meshes/KitchenProps/Models/SM_DeepPlateMidYellowSun.uasset" 1565
"E:/Documents/GitHub/FYP/Project_IMT/Content/Meshes/KitchenProps/Models/SM_DeepPlateMidYellowSun.uexp" 1566
"E:/Documents/GitHub/FYP/Project_IMT/Content/Meshes/KitchenProps/Models/SM_DeepPlateBigYellowSun.ubulk" 1567
"E:/Documents/GitHub/FYP/Project_IMT/Content/Meshes/KitchenProps/Models/SM_DeepPlateBigYellowSun.uasset" 1568
"E:/Documents/GitHub/FYP/Project_IMT/Content/Meshes/KitchenProps/Models/SM_DeepPlateBigYellowSun.uexp" 1569
"E:/Documents/GitHub/FYP/Project_IMT/Content/Meshes/KitchenProps/Models/SM_DeepPlateBigGreenStromboli.ubulk" 1570
"E:/Documents/GitHub/FYP/Project_IMT/Content/Meshes/KitchenProps/Models/SM_DeepPlateBigGreenStromboli.uasset" 1571
"E:/Documents/GitHub/FYP/Project_IMT/Content/Meshes/KitchenProps/Models/SM_DeepPlateBigGreenStromboli.uexp" 1572
"E:/Documents/GitHub/FYP/Project_IMT/Content/Meshes/KitchenProps/Models/SM_DeepPlateBigGreenSirocco.ubulk" 1573
"E:/Documents/GitHub/FYP/Project_IMT/Content/Meshes/KitchenProps/Models/SM_DeepPlateBigGreenSirocco.uasset" 1574
"E:/Documents/GitHub/FYP/Project_IMT/Content/Meshes/KitchenProps/Models/SM_DeepPlateBigGreenSirocco.uexp" 1575
"E:/Documents/GitHub/FYP/Project_IMT/Content/Meshes/KitchenProps/Models/SM_DeepPlateBigGreenNorway.ubulk" 1576
"E:/Documents/GitHub/FYP/Project_IMT/Content/Meshes/KitchenProps/Models/SM_DeepPlateBigGreenNorway.uasset" 1577
"E:/Documents/GitHub/FYP/Project_IMT/Content/Meshes/KitchenProps/Models/SM_DeepPlateBigGreenNorway.uexp" 1578
"E:/Documents/GitHub/FYP/Project_IMT/Content/Meshes/KitchenProps/Models/SM_CuttingBoardBigGreen.ubulk" 1579
"E:/Documents/GitHub/FYP/Project_IMT/Content/Meshes/KitchenProps/Models/SM_CuttingBoardBigGreen.uasset" 1580
"E:/Documents/GitHub/FYP/Project_IMT/Content/Meshes/KitchenProps/Models/SM_CuttingBoardBigGreen.uexp" 1581
"E:/Documents/GitHub/FYP/Project_IMT/Content/Meshes/KitchenProps/Materials/MI_Color_RedFireBrick.uasset" 1582
"E:/Documents/GitHub/FYP/Project_IMT/Content/Meshes/KitchenProps/Materials/MI_Color_RedFireBrick.uexp" 1583
"E:/Documents/GitHub/FYP/Project_IMT/Content/Meshes/KitchenProps/Materials/MI_Color_GreenTrendy.uasset" 1584
"E:/Documents/GitHub/FYP/Project_IMT/Content/Meshes/KitchenProps/Materials/MI_Color_GreenTrendy.uexp" 1585
"E:/Documents/GitHub/FYP/Project_IMT/Content/Meshes/KitchenProps/Models/SM_Cutlery.ubulk" 1586
"E:/Documents/GitHub/FYP/Project_IMT/Content/Meshes/KitchenProps/Models/SM_Cutlery.uasset" 1587
"E:/Documents/GitHub/FYP/Project_IMT/Content/Meshes/KitchenProps/Models/SM_Cutlery.uexp" 1588
"E:/Documents/GitHub/FYP/Project_IMT/Content/Meshes/KitchenProps/Models/SM_CookieContainerSmall.ubulk" 1589
"E:/Documents/GitHub/FYP/Project_IMT/Content/Meshes/KitchenProps/Models/SM_CookieContainerSmall.uasset" 1590
"E:/Documents/GitHub/FYP/Project_IMT/Content/Meshes/KitchenProps/Models/SM_CookieContainerSmall.uexp" 1591
"E:/Documents/GitHub/FYP/Project_IMT/Content/Meshes/KitchenProps/Models/SM_CabinetWithSink.ubulk" 1592
"E:/Documents/GitHub/FYP/Project_IMT/Content/Meshes/KitchenProps/Models/SM_CabinetWithSink.uasset" 1593
"E:/Documents/GitHub/FYP/Project_IMT/Content/Meshes/KitchenProps/Models/SM_CabinetWithSink.uexp" 1594
"E:/Documents/GitHub/FYP/Project_IMT/Content/Meshes/KitchenProps/Models/SM_BoxWide02_Big.ubulk" 1595
"E:/Documents/GitHub/FYP/Project_IMT/Content/Meshes/KitchenProps/Models/SM_BoxWide02_Big.uasset" 1596
"E:/Documents/GitHub/FYP/Project_IMT/Content/Meshes/KitchenProps/Models/SM_BoxWide02_Big.uexp" 1597
"E:/Documents/GitHub/FYP/Project_IMT/Content/Meshes/KitchenProps/Models/SM_BoxWide01_Big.ubulk" 1598
"E:/Documents/GitHub/FYP/Project_IMT/Content/Meshes/KitchenProps/Models/SM_BoxWide01_Big.uasset" 1599
"E:/Documents/GitHub/FYP/Project_IMT/Content/Meshes/KitchenProps/Models/SM_BoxWide01_Big.uexp" 1600
"E:/Documents/GitHub/FYP/Project_IMT/Content/Meshes/KitchenProps/Models/SM_BoxNarrow02_Big.ubulk" 1601
"E:/Documents/GitHub/FYP/Project_IMT/Content/Meshes/KitchenProps/Models/SM_BoxNarrow02_Big.uasset" 1602
"E:/Documents/GitHub/FYP/Project_IMT/Content/Meshes/KitchenProps/Models/SM_BoxNarrow02_Big.uexp" 1603
"E:/Documents/GitHub/FYP/Project_IMT/Content/Meshes/KitchenProps/Models/SM_BoxNarrow01_Small.ubulk" 1604
"E:/Documents/GitHub/FYP/Project_IMT/Content/Meshes/KitchenProps/Models/SM_BoxNarrow01_Small.uasset" 1605
"E:/Documents/GitHub/FYP/Project_IMT/Content/Meshes/KitchenProps/Models/SM_BoxNarrow01_Small.uexp" 1606
"E:/Documents/GitHub/FYP/Project_IMT/Content/Meshes/KitchenProps/Models/SM_BasinetSmallBrown.ubulk" 1607
"E:/Documents/GitHub/FYP/Project_IMT/Content/Meshes/KitchenProps/Models/SM_BasinetSmallBrown.uasset" 1608
"E:/Documents/GitHub/FYP/Project_IMT/Content/Meshes/KitchenProps/Models/SM_BasinetSmallBrown.uexp" 1609
"E:/Documents/GitHub/FYP/Project_IMT/Content/Meshes/BathroomProps/Materials/M_Color.uasset" 1610
"E:/Documents/GitHub/FYP/Project_IMT/Content/Meshes/BathroomProps/Materials/M_Color.uexp" 1611
"E:/Documents/GitHub/FYP/Project_IMT/Content/Meshes/BathroomProps/Materials/MI_Color_White.uasset" 1612
"E:/Documents/GitHub/FYP/Project_IMT/Content/Meshes/BathroomProps/Materials/MI_Color_White.uexp" 1613
"E:/Documents/GitHub/FYP/Project_IMT/Content/Meshes/BathroomProps/Materials/MI_Color_BlueEcho.uasset" 1614
"E:/Documents/GitHub/FYP/Project_IMT/Content/Meshes/BathroomProps/Materials/MI_Color_BlueEcho.uexp" 1615
"E:/Documents/GitHub/FYP/Project_IMT/Content/Meshes/BathroomProps/Materials/MI_Color_BlueBaliHai.uasset" 1616
"E:/Documents/GitHub/FYP/Project_IMT/Content/Meshes/BathroomProps/Materials/MI_Color_BlueBaliHai.uexp" 1617
"E:/Documents/GitHub/FYP/Project_IMT/Content/Meshes/BathroomProps/Materials/MI_Color_GreenCyprus.uasset" 1618
"E:/Documents/GitHub/FYP/Project_IMT/Content/Meshes/BathroomProps/Materials/MI_Color_GreenCyprus.uexp" 1619
"E:/Documents/GitHub/FYP/Project_IMT/Content/Meshes/BathroomProps/Models/SM_ToiletPaperStand.ubulk" 1620
"E:/Documents/GitHub/FYP/Project_IMT/Content/Meshes/BathroomProps/Models/SM_ToiletPaperStand.uasset" 1621
"E:/Documents/GitHub/FYP/Project_IMT/Content/Meshes/BathroomProps/Models/SM_ToiletPaperStand.uexp" 1622
"E:/Documents/GitHub/FYP/Project_IMT/Content/Meshes/BathroomProps/Materials/MI_Color_PinkTonys.uasset" 1623
"E:/Documents/GitHub/FYP/Project_IMT/Content/Meshes/BathroomProps/Materials/MI_Color_PinkTonys.uexp" 1624
"E:/Documents/GitHub/FYP/Project_IMT/Content/Meshes/BathroomProps/Models/SM_ToiletPaper.ubulk" 1625
"E:/Documents/GitHub/FYP/Project_IMT/Content/Meshes/BathroomProps/Models/SM_ToiletPaper.uasset" 1626
"E:/Documents/GitHub/FYP/Project_IMT/Content/Meshes/BathroomProps/Models/SM_ToiletPaper.uexp" 1627
"E:/Documents/GitHub/FYP/Project_IMT/Content/Meshes/BathroomProps/Materials/MI_Color_BlueOrient.uasset" 1628
"E:/Documents/GitHub/FYP/Project_IMT/Content/Meshes/BathroomProps/Materials/MI_Color_BlueOrient.uexp" 1629
"E:/Documents/GitHub/FYP/Project_IMT/Content/Meshes/BathroomProps/Materials/MI_Color_BlueSpindle.uasset" 1630
"E:/Documents/GitHub/FYP/Project_IMT/Content/Meshes/BathroomProps/Materials/MI_Color_BlueSpindle.uexp" 1631
"E:/Documents/GitHub/FYP/Project_IMT/Content/Meshes/BathroomProps/Materials/MI_Color_BlueEastbay.uasset" 1632
"E:/Documents/GitHub/FYP/Project_IMT/Content/Meshes/BathroomProps/Materials/MI_Color_BlueEastbay.uexp" 1633
"E:/Documents/GitHub/FYP/Project_IMT/Content/Meshes/BathroomProps/Materials/MI_Color_RedHippiePink.uasset" 1634
"E:/Documents/GitHub/FYP/Project_IMT/Content/Meshes/BathroomProps/Materials/MI_Color_RedHippiePink.uexp" 1635
"E:/Documents/GitHub/FYP/Project_IMT/Content/Meshes/BathroomProps/Models/SM_Tap.ubulk" 1636
"E:/Documents/GitHub/FYP/Project_IMT/Content/Meshes/BathroomProps/Models/SM_Tap.uasset" 1637
"E:/Documents/GitHub/FYP/Project_IMT/Content/Meshes/BathroomProps/Models/SM_Tap.uexp" 1638
"E:/Documents/GitHub/FYP/Project_IMT/Content/Meshes/BathroomProps/Materials/MI_Color_GreenCrusoe.uasset" 1639
"E:/Documents/GitHub/FYP/Project_IMT/Content/Meshes/BathroomProps/Materials/MI_Color_GreenCrusoe.uexp" 1640
"E:/Documents/GitHub/FYP/Project_IMT/Content/Meshes/BathroomProps/Materials/MI_Color_YellowOchre.uasset" 1641
"E:/Documents/GitHub/FYP/Project_IMT/Content/Meshes/BathroomProps/Materials/MI_Color_YellowOchre.uexp" 1642
"E:/Documents/GitHub/FYP/Project_IMT/Content/Meshes/BathroomProps/Models/SM_Sink.ubulk" 1643
"E:/Documents/GitHub/FYP/Project_IMT/Content/Meshes/BathroomProps/Models/SM_Sink.uasset" 1644
"E:/Documents/GitHub/FYP/Project_IMT/Content/Meshes/BathroomProps/Models/SM_Sink.uexp" 1645
"E:/Documents/GitHub/FYP/Project_IMT/Content/Meshes/BathroomProps/Materials/MI_Color_BlueLagoon.uasset" 1646
"E:/Documents/GitHub/FYP/Project_IMT/Content/Meshes/BathroomProps/Materials/MI_Color_BlueLagoon.uexp" 1647
"E:/Documents/GitHub/FYP/Project_IMT/Content/Meshes/BathroomProps/Materials/MI_Color_BlueArapawa.uasset" 1648
"E:/Documents/GitHub/FYP/Project_IMT/Content/Meshes/BathroomProps/Materials/MI_Color_BlueArapawa.uexp" 1649
"E:/Documents/GitHub/FYP/Project_IMT/Content/Meshes/BathroomProps/Models/SM_Mirror.ubulk" 1650
"E:/Documents/GitHub/FYP/Project_IMT/Content/Meshes/BathroomProps/Models/SM_Mirror.uasset" 1651
"E:/Documents/GitHub/FYP/Project_IMT/Content/Meshes/BathroomProps/Models/SM_Mirror.uexp" 1652
"E:/Documents/GitHub/FYP/Project_IMT/Content/Meshes/BathroomProps/Materials/MI_Color_BlueShakespeare.uasset" 1653
"E:/Documents/GitHub/FYP/Project_IMT/Content/Meshes/BathroomProps/Materials/MI_Color_BlueShakespeare.uexp" 1654
"E:/Documents/GitHub/FYP/Project_IMT/Content/Meshes/BathroomProps/Materials/MI_Color_OrangeFiery.uasset" 1655
"E:/Documents/GitHub/FYP/Project_IMT/Content/Meshes/BathroomProps/Materials/MI_Color_OrangeFiery.uexp" 1656
"E:/Documents/GitHub/FYP/Project_IMT/Content/Meshes/BathroomProps/Materials/M_Mirror.uasset" 1657
"E:/Documents/GitHub/FYP/Project_IMT/Content/Meshes/BathroomProps/Materials/M_Mirror.uexp" 1658
"E:/Documents/GitHub/FYP/Project_IMT/Content/Meshes/PolyPack_Office_Props_AI/Meshes/Desks/DeskV1_SM.ubulk" 1659
"E:/Documents/GitHub/FYP/Project_IMT/Content/Meshes/PolyPack_Office_Props_AI/Meshes/Desks/DeskV1_SM.uasset" 1660
"E:/Documents/GitHub/FYP/Project_IMT/Content/Meshes/PolyPack_Office_Props_AI/Meshes/Desks/DeskV1_SM.uexp" 1661
"E:/Documents/GitHub/FYP/Project_IMT/Content/Meshes/PolyPack_Office_Props_AI/Meshes/Decor/MouseV2_SM.ubulk" 1662
"E:/Documents/GitHub/FYP/Project_IMT/Content/Meshes/PolyPack_Office_Props_AI/Meshes/Decor/MouseV2_SM.uasset" 1663
"E:/Documents/GitHub/FYP/Project_IMT/Content/Meshes/PolyPack_Office_Props_AI/Meshes/Decor/MouseV2_SM.uexp" 1664
"E:/Documents/GitHub/FYP/Project_IMT/Content/Meshes/PolyPack_Office_Props_AI/Meshes/Decor/MousePadV1_SM.ubulk" 1665
"E:/Documents/GitHub/FYP/Project_IMT/Content/Meshes/PolyPack_Office_Props_AI/Meshes/Decor/MousePadV1_SM.uasset" 1666
"E:/Documents/GitHub/FYP/Project_IMT/Content/Meshes/PolyPack_Office_Props_AI/Meshes/Decor/MousePadV1_SM.uexp" 1667
"E:/Documents/GitHub/FYP/Project_IMT/Content/Meshes/PolyPack_Office_Props_AI/Meshes/Decor/KeyboardV1_SM.ubulk" 1668
"E:/Documents/GitHub/FYP/Project_IMT/Content/Meshes/PolyPack_Office_Props_AI/Meshes/Decor/KeyboardV1_SM.uasset" 1669
"E:/Documents/GitHub/FYP/Project_IMT/Content/Meshes/PolyPack_Office_Props_AI/Meshes/Decor/KeyboardV1_SM.uexp" 1670
"E:/Documents/GitHub/FYP/Project_IMT/Content/Meshes/PolyPack_Office_Props_AI/Meshes/Computers/PcV1_SM.ubulk" 1671
"E:/Documents/GitHub/FYP/Project_IMT/Content/Meshes/PolyPack_Office_Props_AI/Meshes/Computers/PcV1_SM.uasset" 1672
"E:/Documents/GitHub/FYP/Project_IMT/Content/Meshes/PolyPack_Office_Props_AI/Meshes/Computers/PcV1_SM.uexp" 1673
"E:/Documents/GitHub/FYP/Project_IMT/Content/Meshes/PolyPack_Office_Props_AI/Meshes/Computers/MoniterV3_SM.ubulk" 1674
"E:/Documents/GitHub/FYP/Project_IMT/Content/Meshes/PolyPack_Office_Props_AI/Meshes/Computers/MoniterV3_SM.uasset" 1675
"E:/Documents/GitHub/FYP/Project_IMT/Content/Meshes/PolyPack_Office_Props_AI/Meshes/Computers/MoniterV3_SM.uexp" 1676
"E:/Documents/GitHub/FYP/Project_IMT/Content/Blueprints/Tasks/BP_DiagnoseSystemError.uasset" 1677
"E:/Documents/GitHub/FYP/Project_IMT/Content/Blueprints/Tasks/BP_DiagnoseSystemError.uexp" 1678
"E:/Documents/GitHub/FYP/Project_IMT/Content/Meshes/PolyPack_Office_Props_AI/Meshes/Desks/DeskV2_SM.ubulk" 1679
"E:/Documents/GitHub/FYP/Project_IMT/Content/Meshes/PolyPack_Office_Props_AI/Meshes/Desks/DeskV2_SM.uasset" 1680
"E:/Documents/GitHub/FYP/Project_IMT/Content/Meshes/PolyPack_Office_Props_AI/Meshes/Desks/DeskV2_SM.uexp" 1681
"E:/Documents/GitHub/FYP/Project_IMT/Content/Meshes/PolyPack_Office_Props_AI/Meshes/Decor/MouseV1_SM.ubulk" 1682
"E:/Documents/GitHub/FYP/Project_IMT/Content/Meshes/PolyPack_Office_Props_AI/Meshes/Decor/MouseV1_SM.uasset" 1683
"E:/Documents/GitHub/FYP/Project_IMT/Content/Meshes/PolyPack_Office_Props_AI/Meshes/Decor/MouseV1_SM.uexp" 1684
"E:/Documents/GitHub/FYP/Project_IMT/Content/Meshes/PolyPack_Office_Props_AI/Meshes/Decor/KeyboardV2_SM.ubulk" 1685
"E:/Documents/GitHub/FYP/Project_IMT/Content/Meshes/PolyPack_Office_Props_AI/Meshes/Decor/KeyboardV2_SM.uasset" 1686
"E:/Documents/GitHub/FYP/Project_IMT/Content/Meshes/PolyPack_Office_Props_AI/Meshes/Decor/KeyboardV2_SM.uexp" 1687
"E:/Documents/GitHub/FYP/Project_IMT/Content/Meshes/PolyPack_Office_Props_AI/Meshes/Computers/MoniterV2_SM.ubulk" 1688
"E:/Documents/GitHub/FYP/Project_IMT/Content/Meshes/PolyPack_Office_Props_AI/Meshes/Computers/MoniterV2_SM.uasset" 1689
"E:/Documents/GitHub/FYP/Project_IMT/Content/Meshes/PolyPack_Office_Props_AI/Meshes/Computers/MoniterV2_SM.uexp" 1690
"E:/Documents/GitHub/FYP/Project_IMT/Content/Meshes/PolyPack_Office_Props_AI/Materials/MI_ObjectColorRed.uasset" 1691
"E:/Documents/GitHub/FYP/Project_IMT/Content/Meshes/PolyPack_Office_Props_AI/Materials/MI_ObjectColorRed.uexp" 1692
"E:/Documents/GitHub/FYP/Project_IMT/Content/Blueprints/UI/Tasks/Wires/SWireData.uasset" 1693
"E:/Documents/GitHub/FYP/Project_IMT/Content/Blueprints/UI/Tasks/Wires/SWireData.uexp" 1694
"E:/Documents/GitHub/FYP/Project_IMT/Content/Blueprints/UI/Tasks/Wires/E_WireColour.uasset" 1695
"E:/Documents/GitHub/FYP/Project_IMT/Content/Blueprints/UI/Tasks/Wires/E_WireColour.uexp" 1696
"E:/Documents/GitHub/FYP/Project_IMT/Content/Blueprints/UI/Tasks/Wires/WBP_DragWires.uasset" 1697
"E:/Documents/GitHub/FYP/Project_IMT/Content/Blueprints/UI/Tasks/Wires/WBP_DragWires.uexp" 1698
"E:/Documents/GitHub/FYP/Project_IMT/Content/Blueprints/UI/Tasks/Wires/WBP_WirePlugs.uasset" 1699
"E:/Documents/GitHub/FYP/Project_IMT/Content/Blueprints/UI/Tasks/Wires/WBP_WirePlugs.uexp" 1700
"E:/Documents/GitHub/FYP/Project_IMT/Content/Blueprints/UI/Tasks/WBP_CaNPttN.uasset" 1701
"E:/Documents/GitHub/FYP/Project_IMT/Content/Blueprints/UI/Tasks/WBP_CaNPttN.uexp" 1702
"E:/Documents/GitHub/FYP/Project_IMT/Content/Blueprints/Tasks/BP_CaNPttN.uasset" 1703
"E:/Documents/GitHub/FYP/Project_IMT/Content/Blueprints/Tasks/BP_CaNPttN.uexp" 1704
"E:/Documents/GitHub/FYP/Project_IMT/Content/Meshes/BathroomProps/Models/SM_Toilet.ubulk" 1705
"E:/Documents/GitHub/FYP/Project_IMT/Content/Meshes/BathroomProps/Models/SM_Toilet.uasset" 1706
"E:/Documents/GitHub/FYP/Project_IMT/Content/Meshes/BathroomProps/Models/SM_Toilet.uexp" 1707
"E:/Documents/GitHub/FYP/Project_IMT/Content/Blueprints/UI/Tasks/WBP_Bathroom.uasset" 1708
"E:/Documents/GitHub/FYP/Project_IMT/Content/Blueprints/UI/Tasks/WBP_Bathroom.uexp" 1709
"E:/Documents/GitHub/FYP/Project_IMT/Content/Blueprints/Tasks/BP_Bathroom.uasset" 1710
"E:/Documents/GitHub/FYP/Project_IMT/Content/Blueprints/Tasks/BP_Bathroom.uexp" 1711
"E:/Documents/GitHub/FYP/Project_IMT/Content/Blueprints/Environment/BP_DoorBathroom.uasset" 1712
"E:/Documents/GitHub/FYP/Project_IMT/Content/Blueprints/Environment/BP_DoorBathroom.uexp" 1713
"E:/Documents/GitHub/FYP/Project_IMT/Content/Levels/L_OfficeMap.uexp" 1714
"E:/Documents/GitHub/FYP/Project_IMT/Content/Levels/L_OfficeMap.umap" 1715
"../../../Engine/Content/Maps/Entry_BuiltData.uasset" 1716
"../../../Engine/Content/Maps/Entry_BuiltData.uexp" 1717
"../../../Engine/Content/Maps/Entry.uexp" 1718
"../../../Engine/Content/Maps/Entry.umap" 1719
